-- MySQL dump 10.13  Distrib 8.0.20, for Linux (x86_64)
--
-- Host: localhost    Database: vk
-- ------------------------------------------------------
-- Server version	8.0.20

/*!40101 SET @OLD_CHARACTER_SET_CLIENT=@@CHARACTER_SET_CLIENT */;
/*!40101 SET @OLD_CHARACTER_SET_RESULTS=@@CHARACTER_SET_RESULTS */;
/*!40101 SET @OLD_COLLATION_CONNECTION=@@COLLATION_CONNECTION */;
/*!50503 SET NAMES utf8mb4 */;
/*!40103 SET @OLD_TIME_ZONE=@@TIME_ZONE */;
/*!40103 SET TIME_ZONE='+00:00' */;
/*!40014 SET @OLD_UNIQUE_CHECKS=@@UNIQUE_CHECKS, UNIQUE_CHECKS=0 */;
/*!40014 SET @OLD_FOREIGN_KEY_CHECKS=@@FOREIGN_KEY_CHECKS, FOREIGN_KEY_CHECKS=0 */;
/*!40101 SET @OLD_SQL_MODE=@@SQL_MODE, SQL_MODE='NO_AUTO_VALUE_ON_ZERO' */;
/*!40111 SET @OLD_SQL_NOTES=@@SQL_NOTES, SQL_NOTES=0 */;

--
-- Table structure for table `communities`
--

DROP TABLE IF EXISTS `communities`;
/*!40101 SET @saved_cs_client     = @@character_set_client */;
/*!50503 SET character_set_client = utf8mb4 */;
CREATE TABLE `communities` (
  `id` int unsigned NOT NULL AUTO_INCREMENT,
  `name` varchar(150) CHARACTER SET utf8 COLLATE utf8_unicode_ci NOT NULL,
  PRIMARY KEY (`id`),
  UNIQUE KEY `name` (`name`)
) ENGINE=InnoDB AUTO_INCREMENT=101 DEFAULT CHARSET=utf8 COLLATE=utf8_unicode_ci;
/*!40101 SET character_set_client = @saved_cs_client */;

--
-- Dumping data for table `communities`
--

LOCK TABLES `communities` WRITE;
/*!40000 ALTER TABLE `communities` DISABLE KEYS */;
INSERT INTO `communities` VALUES (19,'ab'),(59,'accusantium'),(94,'ad'),(72,'adipisci'),(56,'aliquam'),(60,'aliquid'),(69,'amet'),(5,'architecto'),(39,'aut'),(34,'autem'),(43,'beatae'),(33,'commodi'),(9,'consequatur'),(90,'consequuntur'),(47,'corrupti'),(55,'deleniti'),(48,'dicta'),(87,'dignissimos'),(25,'distinctio'),(36,'dolor'),(63,'dolore'),(12,'dolorem'),(99,'dolores'),(51,'ducimus'),(98,'ea'),(37,'earum'),(74,'eligendi'),(62,'eos'),(85,'error'),(92,'esse'),(100,'est'),(32,'et'),(64,'eum'),(82,'excepturi'),(26,'exercitationem'),(88,'expedita'),(46,'explicabo'),(71,'facere'),(29,'fugiat'),(13,'fugit'),(44,'harum'),(18,'hic'),(14,'id'),(67,'impedit'),(22,'in'),(97,'incidunt'),(65,'ipsa'),(96,'ipsam'),(89,'itaque'),(17,'laboriosam'),(27,'laudantium'),(77,'magni'),(4,'maiores'),(93,'maxime'),(76,'minima'),(79,'minus'),(8,'mollitia'),(40,'nihil'),(30,'nisi'),(16,'nobis'),(95,'non'),(7,'nostrum'),(53,'odio'),(2,'omnis'),(23,'perferendis'),(83,'porro'),(15,'praesentium'),(45,'quae'),(57,'quaerat'),(38,'quam'),(41,'quas'),(11,'qui'),(52,'quia'),(28,'quibusdam'),(81,'quidem'),(70,'quis'),(66,'quisquam'),(84,'quo'),(78,'ratione'),(54,'rem'),(20,'repellat'),(80,'saepe'),(50,'sapiente'),(21,'sequi'),(6,'similique'),(68,'sit'),(42,'soluta'),(10,'sunt'),(75,'tempora'),(58,'tempore'),(73,'totam'),(91,'ullam'),(49,'unde'),(3,'ut'),(35,'vel'),(86,'velit'),(61,'voluptas'),(1,'voluptatem'),(31,'voluptates'),(24,'voluptatum');
/*!40000 ALTER TABLE `communities` ENABLE KEYS */;
UNLOCK TABLES;

--
-- Table structure for table `communities_users`
--

DROP TABLE IF EXISTS `communities_users`;
/*!40101 SET @saved_cs_client     = @@character_set_client */;
/*!50503 SET character_set_client = utf8mb4 */;
CREATE TABLE `communities_users` (
  `community_id` int unsigned NOT NULL,
  `user_id` int unsigned NOT NULL,
  PRIMARY KEY (`community_id`,`user_id`)
) ENGINE=InnoDB DEFAULT CHARSET=utf8 COLLATE=utf8_unicode_ci;
/*!40101 SET character_set_client = @saved_cs_client */;

--
-- Dumping data for table `communities_users`
--

LOCK TABLES `communities_users` WRITE;
/*!40000 ALTER TABLE `communities_users` DISABLE KEYS */;
INSERT INTO `communities_users` VALUES (0,4),(0,6),(0,8),(0,11),(0,15),(0,17),(0,21),(0,22),(0,23),(0,29),(0,32),(0,39),(0,43),(0,46),(0,48),(0,50),(0,53),(0,54),(0,55),(0,56),(0,58),(0,59),(0,61),(0,69),(0,70),(0,76),(0,77),(0,80),(0,87),(0,89),(0,90),(0,93),(1,72),(2,41),(3,51),(3,85),(4,92),(4,95),(5,14),(5,84),(6,7),(6,26),(6,44),(6,67),(7,2),(7,10),(7,35),(7,42),(7,64),(7,65),(7,98),(8,18),(9,81),(13,13),(16,96),(22,36),(25,30),(27,97),(36,86),(50,60),(55,37),(57,99),(58,9),(67,49),(77,100),(81,79),(82,74),(85,57),(119,33),(331,28),(405,5),(471,20),(474,91),(579,68),(700,63),(841,71),(901,66),(915,3),(937,78),(3206,47),(6098,88),(7533,75),(9884,25),(13155,40),(60000,1),(71265,62),(95783,34),(217770,31),(396065,73),(695502,83),(7860249,82),(8818079,24),(9731980,16),(21383658,45),(81106030,27),(100000000,19),(4294967295,12),(4294967295,38),(4294967295,52),(4294967295,94);
/*!40000 ALTER TABLE `communities_users` ENABLE KEYS */;
UNLOCK TABLES;

--
-- Table structure for table `friendship`
--

DROP TABLE IF EXISTS `friendship`;
/*!40101 SET @saved_cs_client     = @@character_set_client */;
/*!50503 SET character_set_client = utf8mb4 */;
CREATE TABLE `friendship` (
  `user_id` int unsigned NOT NULL,
  `friend_id` int unsigned NOT NULL,
  `status_id` int unsigned NOT NULL,
  `requested_at` datetime DEFAULT CURRENT_TIMESTAMP,
  `confirmed_at` datetime DEFAULT NULL,
  PRIMARY KEY (`user_id`,`friend_id`)
) ENGINE=InnoDB DEFAULT CHARSET=utf8 COLLATE=utf8_unicode_ci;
/*!40101 SET character_set_client = @saved_cs_client */;

--
-- Dumping data for table `friendship`
--

LOCK TABLES `friendship` WRITE;
/*!40000 ALTER TABLE `friendship` DISABLE KEYS */;
INSERT INTO `friendship` VALUES (1,1,2,'2013-02-12 00:06:05','2018-09-10 11:16:13'),(2,2,0,'2018-02-18 22:00:54','2014-01-20 04:23:04'),(3,3,2,'2012-11-11 02:28:55','2019-02-04 06:24:58'),(4,4,0,'2015-04-27 10:10:06','2013-04-17 15:53:42'),(5,5,0,'2010-11-03 03:40:08','2019-01-05 22:20:56'),(6,6,0,'2014-04-18 04:46:10','2017-10-10 13:59:07'),(7,7,2,'2014-08-15 00:02:28','2016-10-24 13:25:48'),(8,8,2,'2015-09-18 16:39:26','2016-06-24 01:09:58'),(9,9,2,'2020-01-05 22:37:36','2017-01-15 10:13:35'),(10,10,0,'2010-09-20 00:06:45','2019-09-15 03:49:55'),(11,11,2,'2019-05-05 19:33:27','2015-01-04 00:10:22'),(12,12,1,'2017-04-30 03:07:15','2011-12-20 06:05:15'),(13,13,0,'2016-11-19 21:01:53','2010-12-16 00:08:58'),(14,14,2,'2012-09-13 08:29:50','2014-04-23 04:43:32'),(15,15,2,'2011-07-22 15:05:05','2017-04-18 01:58:19'),(16,16,2,'2014-05-18 11:07:20','2018-02-13 16:46:20'),(17,17,0,'2016-06-28 10:57:08','2019-03-18 04:30:13'),(18,18,2,'2012-12-07 01:12:52','2017-01-04 14:46:39'),(19,19,2,'2013-02-26 10:45:34','2012-03-09 13:02:33'),(20,20,2,'2012-03-15 09:02:40','2016-05-31 04:51:43'),(21,21,2,'2012-11-13 03:39:12','2018-02-02 01:31:30'),(22,22,0,'2017-04-26 09:19:16','2011-06-04 03:00:42'),(23,23,0,'2011-08-15 12:17:20','2012-09-29 13:36:20'),(24,24,2,'2013-01-21 12:48:42','2016-04-04 22:54:58'),(25,25,1,'2017-06-18 07:16:11','2017-12-17 20:44:48'),(26,26,2,'2017-01-26 08:55:27','2018-11-26 13:10:09'),(27,27,0,'2012-04-19 20:17:51','2019-04-10 06:43:55'),(28,28,2,'2018-10-07 18:18:20','2015-01-20 12:55:51'),(29,29,1,'2017-04-24 22:17:41','2015-02-23 03:00:14'),(30,30,2,'2012-09-06 09:20:16','2014-04-18 08:21:54'),(31,31,0,'2015-04-30 09:12:14','2020-03-27 07:29:09'),(32,32,2,'2012-03-13 15:11:59','2016-04-16 19:16:10'),(33,33,2,'2018-08-21 13:10:25','2012-01-29 05:33:32'),(34,34,2,'2017-11-29 01:51:00','2011-09-08 23:15:55'),(35,35,2,'2015-05-31 12:53:55','2012-09-07 01:42:56'),(36,36,0,'2010-08-18 15:24:30','2014-11-19 21:22:15'),(37,37,2,'2014-06-25 11:11:39','2016-04-16 20:50:13'),(38,38,1,'2010-08-23 00:12:09','2020-04-30 02:21:26'),(39,39,2,'2019-07-13 07:55:41','2017-02-01 16:27:33'),(40,40,1,'2013-12-31 18:26:34','2015-09-27 15:46:27'),(41,41,1,'2011-09-20 05:06:56','2016-01-02 04:34:27'),(42,42,2,'2017-10-16 05:02:20','2013-11-28 21:44:04'),(43,43,1,'2019-11-05 20:36:26','2013-07-06 13:49:19'),(44,44,1,'2010-06-21 04:50:15','2010-08-26 13:26:28'),(45,45,1,'2013-12-14 00:06:34','2015-04-08 06:44:28'),(46,46,1,'2014-03-19 11:41:20','2011-12-06 22:32:15'),(47,47,1,'2013-12-20 01:36:34','2018-05-18 22:32:31'),(48,48,2,'2016-12-15 06:25:25','2020-04-21 16:38:55'),(49,49,1,'2017-09-09 00:57:50','2013-10-30 06:42:55'),(50,50,2,'2016-03-18 12:51:39','2016-11-08 14:43:37'),(51,51,1,'2012-05-03 02:22:05','2020-02-11 16:19:57'),(52,52,0,'2017-05-27 12:21:46','2017-01-23 18:05:08'),(53,53,2,'2014-02-24 07:02:28','2014-05-21 00:43:33'),(54,54,0,'2017-05-08 20:33:52','2017-04-24 08:53:21'),(55,55,2,'2019-07-03 23:13:40','2015-02-20 06:04:11'),(56,56,1,'2016-03-04 15:32:03','2016-09-13 13:37:06'),(57,57,0,'2019-07-19 21:38:23','2011-06-13 20:46:30'),(58,58,2,'2016-05-12 05:20:42','2018-05-25 15:08:44'),(59,59,2,'2018-07-21 04:39:10','2015-08-22 04:12:58'),(60,60,1,'2012-06-11 04:07:43','2015-07-01 09:30:56'),(61,61,2,'2019-02-08 14:18:08','2015-02-17 04:34:40'),(62,62,2,'2018-08-04 18:36:43','2011-02-08 01:46:42'),(63,63,1,'2014-07-04 09:06:50','2018-11-14 01:46:25'),(64,64,2,'2018-10-20 23:53:53','2019-12-11 10:09:24'),(65,65,1,'2010-06-06 16:08:26','2010-06-21 17:20:31'),(66,66,1,'2010-08-14 23:55:09','2011-09-19 14:22:41'),(67,67,2,'2011-01-03 09:48:20','2012-09-13 02:12:24'),(68,68,2,'2011-04-25 20:44:03','2017-09-19 00:35:35'),(69,69,2,'2012-11-28 03:24:22','2019-05-01 21:56:52'),(70,70,1,'2015-04-26 04:26:38','2015-09-12 03:30:33'),(71,71,2,'2013-08-14 20:03:42','2013-02-20 02:08:05'),(72,72,0,'2011-05-28 05:45:36','2014-10-23 06:25:50'),(73,73,0,'2010-10-15 22:36:28','2013-02-22 09:21:41'),(74,74,2,'2015-03-10 00:56:13','2019-05-03 21:54:32'),(75,75,1,'2017-01-27 16:54:36','2017-04-05 15:07:05'),(76,76,1,'2013-03-18 12:53:32','2010-12-28 04:50:31'),(77,77,1,'2017-07-20 20:07:42','2018-08-25 06:29:47'),(78,78,2,'2015-04-08 14:22:32','2018-12-08 15:16:21'),(79,79,0,'2010-06-25 22:55:41','2015-11-14 07:56:18'),(80,80,0,'2011-08-04 03:57:33','2016-12-18 01:24:19'),(81,81,0,'2019-03-21 07:03:46','2018-08-03 10:51:47'),(82,82,1,'2017-06-22 20:19:11','2011-12-08 21:25:22'),(83,83,1,'2012-08-23 12:56:22','2016-03-19 18:04:42'),(84,84,0,'2014-02-26 00:38:54','2019-12-26 03:25:52'),(85,85,0,'2012-05-01 15:30:47','2013-02-27 18:42:26'),(86,86,0,'2018-02-18 11:01:47','2018-06-25 07:45:10'),(87,87,1,'2013-04-18 11:15:49','2011-07-16 20:09:08'),(88,88,0,'2015-04-14 08:55:41','2015-05-16 02:06:38'),(89,89,1,'2019-12-13 03:47:24','2014-09-30 16:37:09'),(90,90,1,'2017-10-18 06:51:41','2013-11-06 02:39:56'),(91,91,0,'2014-04-09 15:39:08','2017-02-25 21:56:11'),(92,92,0,'2016-08-31 15:11:44','2012-01-17 08:57:56'),(93,93,2,'2010-08-30 07:25:55','2018-12-05 13:36:45'),(94,94,1,'2013-01-19 08:07:31','2017-08-01 10:17:44'),(95,95,1,'2019-05-24 02:23:05','2019-09-23 15:56:00'),(96,96,2,'2019-09-23 08:20:07','2013-11-23 08:24:28'),(97,97,0,'2012-11-27 03:10:11','2011-08-23 20:58:37'),(98,98,0,'2013-07-17 12:49:44','2010-10-09 23:59:09'),(99,99,0,'2015-08-19 14:21:28','2016-04-20 23:54:06'),(100,100,2,'2010-11-24 07:32:16','2019-06-03 13:35:32');
/*!40000 ALTER TABLE `friendship` ENABLE KEYS */;
UNLOCK TABLES;

--
-- Table structure for table `friendship_statuses`
--

DROP TABLE IF EXISTS `friendship_statuses`;
/*!40101 SET @saved_cs_client     = @@character_set_client */;
/*!50503 SET character_set_client = utf8mb4 */;
CREATE TABLE `friendship_statuses` (
  `id` int unsigned NOT NULL AUTO_INCREMENT,
  `name` varchar(150) CHARACTER SET utf8 COLLATE utf8_unicode_ci NOT NULL,
  PRIMARY KEY (`id`),
  UNIQUE KEY `name` (`name`)
) ENGINE=InnoDB AUTO_INCREMENT=101 DEFAULT CHARSET=utf8 COLLATE=utf8_unicode_ci;
/*!40101 SET character_set_client = @saved_cs_client */;

--
-- Dumping data for table `friendship_statuses`
--

LOCK TABLES `friendship_statuses` WRITE;
/*!40000 ALTER TABLE `friendship_statuses` DISABLE KEYS */;
INSERT INTO `friendship_statuses` VALUES (28,'a'),(48,'accusamus'),(29,'accusantium'),(96,'ad'),(13,'adipisci'),(63,'alias'),(54,'amet'),(30,'animi'),(72,'aspernatur'),(65,'assumenda'),(21,'aut'),(9,'autem'),(49,'consectetur'),(47,'consequatur'),(7,'corporis'),(42,'culpa'),(97,'cum'),(89,'cupiditate'),(44,'dignissimos'),(71,'distinctio'),(74,'dolor'),(93,'dolore'),(64,'dolorem'),(70,'doloremque'),(76,'dolores'),(55,'doloribus'),(4,'dolorum'),(33,'ducimus'),(87,'earum'),(78,'eius'),(12,'eligendi'),(52,'error'),(10,'est'),(15,'et'),(6,'eum'),(95,'eveniet'),(77,'ex'),(66,'expedita'),(24,'hic'),(100,'illum'),(40,'impedit'),(35,'in'),(16,'ipsam'),(20,'iure'),(3,'iusto'),(85,'labore'),(79,'laboriosam'),(62,'laborum'),(38,'laudantium'),(75,'magni'),(61,'maiores'),(22,'maxime'),(82,'modi'),(53,'molestiae'),(14,'molestias'),(84,'nam'),(23,'neque'),(43,'nesciunt'),(67,'non'),(58,'nulla'),(46,'numquam'),(73,'occaecati'),(91,'odit'),(31,'officia'),(88,'officiis'),(68,'omnis'),(45,'pariatur'),(83,'perferendis'),(5,'perspiciatis'),(8,'porro'),(18,'praesentium'),(92,'provident'),(27,'quae'),(41,'quas'),(56,'qui'),(86,'quia'),(26,'quis'),(69,'quisquam'),(39,'quo'),(51,'ratione'),(37,'rem'),(80,'repellendus'),(36,'reprehenderit'),(81,'repudiandae'),(90,'rerum'),(98,'sapiente'),(32,'sed'),(50,'sint'),(94,'sit'),(99,'soluta'),(59,'totam'),(34,'unde'),(57,'ut'),(60,'veniam'),(2,'veritatis'),(17,'vitae'),(19,'voluptas'),(1,'voluptatem'),(11,'voluptates'),(25,'voluptatum');
/*!40000 ALTER TABLE `friendship_statuses` ENABLE KEYS */;
UNLOCK TABLES;

--
-- Table structure for table `media`
--

DROP TABLE IF EXISTS `media`;
/*!40101 SET @saved_cs_client     = @@character_set_client */;
/*!50503 SET character_set_client = utf8mb4 */;
CREATE TABLE `media` (
  `id` int unsigned NOT NULL AUTO_INCREMENT,
  `user_id` int unsigned NOT NULL,
  `filename` varchar(255) CHARACTER SET utf8 COLLATE utf8_unicode_ci NOT NULL,
  `size` int NOT NULL,
  `metadata` longtext CHARACTER SET utf8mb4 COLLATE utf8mb4_bin,
  `media_type_id` int unsigned NOT NULL,
  `created_at` datetime DEFAULT CURRENT_TIMESTAMP,
  `updated_at` datetime DEFAULT CURRENT_TIMESTAMP ON UPDATE CURRENT_TIMESTAMP,
  PRIMARY KEY (`id`)
) ENGINE=InnoDB AUTO_INCREMENT=101 DEFAULT CHARSET=utf8 COLLATE=utf8_unicode_ci;
/*!40101 SET character_set_client = @saved_cs_client */;

--
-- Dumping data for table `media`
--

LOCK TABLES `media` WRITE;
/*!40000 ALTER TABLE `media` DISABLE KEYS */;
INSERT INTO `media` VALUES (1,1,'video/x-ms-wmv',1,'No, no! You\'re a serpent; and there\'s no name signed at the beginning,\' the King say in a ring, and begged the Mouse only growled in reply. \'Idiot!\' said the Pigeon. \'I\'m NOT a serpent!\' said Alice.',1,'2017-10-19 12:14:11','2019-09-20 14:59:25'),(2,2,'text/x-fortran',2,'Let me think: was I the same when I grow up, I\'ll write one--but I\'m grown up now,\' she added in a large one, but it was done. They had a consultation about this, and she felt certain it must be.',2,'2015-04-12 21:56:38','2019-09-05 19:43:31'),(3,3,'video/vnd.dece.mobile',4,'Rabbit in a hurry to change them--\' when she went on all the first minute or two, and the two creatures got so close to the Gryphon. \'I\'ve forgotten the Duchess said in a low voice, \'Why the fact.',3,'2013-08-24 10:35:39','2018-11-08 17:42:48'),(4,4,'video/x-sgi-movie',8,'Jack-in-the-box, and up I goes like a writing-desk?\' \'Come, we shall have to turn into a pig,\' Alice quietly said, just as the Dormouse went on, half to herself, as usual. I wonder what they\'ll do.',4,'2010-05-13 17:06:06','2017-07-13 05:34:56'),(5,5,'application/x-bittorrent',8,'PRECIOUS nose\'; as an explanation. \'Oh, you\'re sure to happen,\' she said to Alice; and Alice looked all round her, calling out in a minute or two to think about it, you may stand down,\' continued.',5,'2018-05-11 23:47:41','2018-01-15 11:01:58'),(6,6,'application/x-stuffitx',3,'Gryphon. \'The reason is,\' said the Gryphon: \'I went to the Cheshire Cat sitting on a crimson velvet cushion; and, last of all the rest of the party sat silent for a baby: altogether Alice did not.',6,'2012-12-02 18:51:36','2012-02-26 15:08:23'),(7,7,'application/xml-dtd',1,'Alice, \'it would have made a memorandum of the soldiers remaining behind to execute the unfortunate gardeners, who ran to Alice severely. \'What are tarts made of?\' Alice asked in a solemn tone, only.',7,'2019-12-29 03:25:28','2019-03-20 11:45:29'),(8,8,'image/vnd.fst',6,'I\'m doubtful about the crumbs,\' said the youth, \'and your jaws are too weak For anything tougher than suet; Yet you balanced an eel on the glass table and the other end of his tail. \'As if I must, I.',8,'2017-08-19 03:16:38','2010-07-22 01:29:21'),(9,9,'model/x3d+vrml',7,'Nile On every golden scale! \'How cheerfully he seems to like her, down here, that I should be raving mad--at least not so mad as it was the first position in which you usually see Shakespeare, in.',9,'2017-12-30 22:54:59','2016-03-09 18:52:24'),(10,10,'application/ogg',1,'Alice ventured to taste it, and then hurried on, Alice started to her chin upon Alice\'s shoulder, and it set to work at once set to work nibbling at the mushroom for a conversation. \'You don\'t know.',10,'2015-11-04 17:49:31','2018-01-02 21:48:22'),(11,11,'image/vnd.net-fpx',9,'Latin Grammar, \'A mouse--of a mouse--to a mouse--a mouse--O mouse!\') The Mouse gave a look askance-- Said he thanked the whiting kindly, but he now hastily began again, using the ink, that was.',11,'2019-01-13 21:41:02','2013-06-06 08:59:45'),(12,12,'application/vnd.denovo.fcselayout-link',5,'Queen, and in another moment, when she heard a voice she had tired herself out with trying, the poor little thing grunted in reply (it had left off sneezing by this time). \'Don\'t grunt,\' said Alice;.',12,'2015-03-13 03:23:58','2016-01-11 09:50:12'),(13,13,'application/vnd.sun.xml.math',9,'I eat or drink anything; so I\'ll just see what this bottle does. I do wonder what they said. The executioner\'s argument was, that her shoulders were nowhere to be no doubt that it ought to be Number.',13,'2020-01-25 01:18:29','2012-12-25 09:11:00'),(14,14,'text/vnd.graphviz',7,'Adventures, till she was considering in her pocket) till she had never been in a melancholy air, and, after glaring at her as she could see it again, but it was the Rabbit came up to Alice, they all.',14,'2013-04-11 19:24:36','2017-07-14 23:46:06'),(15,15,'application/vnd.ms-wpl',9,'Let me think: was I the same as they would die. \'The trial cannot proceed,\' said the Duchess: \'and the moral of that is--\"The more there is of finding morals in things!\' Alice thought the poor.',15,'2019-08-19 12:05:30','2013-12-06 16:41:55'),(16,16,'application/vnd.oasis.opendocument.database',1,'How she longed to get dry very soon. \'Ahem!\' said the King, \'or I\'ll have you executed on the trumpet, and then Alice put down her anger as well go back, and see how the Dodo solemnly, rising to its.',16,'2011-09-08 00:54:36','2018-04-09 22:20:41'),(17,17,'video/3gpp2',4,'Down, down, down. Would the fall was over. However, when they met in the chimney close above her: then, saying to herself, \'Now, what am I to get out again. The Mock Turtle\'s heavy sobs. Lastly, she.',17,'2011-01-21 16:34:17','2011-02-26 03:32:20'),(18,18,'application/jsonml+json',6,'So they got settled down again, the cook and the Queen added to one of them.\' In another minute there was generally a frog or a watch to take out of sight: then it watched the Queen said to herself,.',18,'2019-11-11 06:26:24','2016-09-22 09:19:46'),(19,19,'application/vnd.sun.xml.math',6,'Oh, how I wish you wouldn\'t keep appearing and vanishing so suddenly: you make one quite giddy.\' \'All right,\' said the youth, \'as I mentioned before, And have grown most uncommonly fat; Yet you.',19,'2017-11-10 11:10:03','2017-05-31 07:20:17'),(20,20,'application/vnd.lotus-notes',3,'How queer everything is to-day! And yesterday things went on at last, they must needs come wriggling down from the roof. There were doors all round the court with a great hurry. An enormous puppy.',20,'2010-09-26 20:00:45','2014-03-14 14:58:21'),(21,21,'application/vnd.wqd',1,'Alice, always ready to make it stop. \'Well, I\'d hardly finished the goose, with the strange creatures of her head to feel which way she put them into a cucumber-frame, or something of the Rabbit\'s.',21,'2012-08-18 00:13:07','2011-03-14 08:56:57'),(22,22,'image/vnd.adobe.photoshop',9,'Mouse in the flurry of the busy farm-yard--while the lowing of the mushroom, and raised herself to about two feet high: even then she walked off, leaving Alice alone with the next witness would be.',22,'2011-02-07 09:44:49','2012-09-09 14:33:17'),(23,23,'model/vnd.dwf',2,'I hadn\'t cried so much!\' Alas! it was all finished, the Owl, as a cushion, resting their elbows on it, or at least one of the court. (As that is rather a handsome pig, I think.\' And she opened the.',23,'2014-11-28 16:46:01','2016-10-05 19:01:52'),(24,24,'application/vnd.ms-pki.seccat',2,'Duchess sneezed occasionally; and as Alice could think of nothing else to say it any longer than that,\' said the Caterpillar. \'I\'m afraid I can\'t get out at all this time, and was looking up into.',24,'2011-02-25 02:48:44','2013-10-28 12:26:45'),(25,25,'application/x-sh',7,'Next came an angry tone, \'Why, Mary Ann, and be turned out of sight: \'but it doesn\'t mind.\' The table was a little different. But if I\'m Mabel, I\'ll stay down here! It\'ll be no use going back to.',25,'2014-01-04 16:55:20','2011-10-20 16:30:26'),(26,26,'application/vnd.llamagraphics.life-balance.desktop',9,'DON\'T know,\' said Alice as it is.\' \'I quite agree with you,\' said the King, and the three gardeners at it, busily painting them red. Alice thought she might as well as she swam lazily about in a.',26,'2019-08-23 06:22:08','2010-09-16 14:59:42'),(27,27,'image/ktx',2,'IV. The Rabbit Sends in a mournful tone, \'he won\'t do a thing before, but she was about a foot high: then she had but to her that she tipped over the fire, and at last came a rumbling of little.',27,'2019-08-05 02:37:50','2011-06-12 09:50:37'),(28,28,'application/xaml+xml',9,'Pigeon in a tone of this was his first speech. \'You should learn not to her, though, as they lay sprawling about, reminding her very much what would be QUITE as much use in talking to him,\' the Mock.',28,'2013-10-13 06:51:03','2018-03-31 10:15:48'),(29,29,'application/vnd.fdsn.mseed',8,'The Duchess took no notice of her own mind (as well as she went on. Her listeners were perfectly quiet till she fancied she heard the Rabbit noticed Alice, as she could. The next witness would be.',29,'2016-05-14 05:38:27','2013-02-20 23:13:03'),(30,30,'application/vnd.mseq',2,'And it\'ll fetch things when you throw them, and considered a little shaking among the party. Some of the Mock Turtle said: \'I\'m too stiff. And the moral of that dark hall, and close to her ear, and.',30,'2019-07-21 12:09:04','2019-08-28 21:05:37'),(31,31,'application/vnd.syncml.dm+xml',7,'Mouse replied rather crossly: \'of course you know about this business?\' the King say in a low trembling voice, \'--and I hadn\'t quite finished my tea when I find a pleasure in all directions,.',31,'2015-07-18 16:07:27','2010-10-16 10:49:37'),(32,32,'application/vnd.flographit',4,'Hatter. \'Does YOUR watch tell you my history, and you\'ll understand why it is almost certain to disagree with you, sooner or later. However, this bottle does. I do wonder what they\'ll do next! If.',32,'2017-02-22 19:13:11','2016-01-22 05:17:51'),(33,33,'application/vnd.sus-calendar',2,'Alice said; but was dreadfully puzzled by the end of your flamingo. Shall I try the whole head appeared, and then turned to the tarts on the table. \'Have some wine,\' the March Hare will be When they.',33,'2012-05-18 15:22:42','2012-09-24 14:45:05'),(34,34,'text/vnd.in3d.3dml',9,'Majesty,\' he began. \'You\'re a very little! Besides, SHE\'S she, and I\'m I, and--oh dear, how puzzling it all seemed quite natural to Alice a little hot tea upon its forehead (the position in which.',34,'2013-03-08 23:59:55','2018-02-20 14:23:50'),(35,35,'application/pkix-pkipath',8,'This time there were no arches left, and all would change to tinkling sheep-bells, and the choking of the game, feeling very glad to get out at the mushroom for a minute or two to think that there.',35,'2013-01-15 21:52:35','2011-11-07 07:19:59'),(36,36,'image/vnd.fastbidsheet',1,'I can remember feeling a little timidly, \'why you are painting those roses?\' Five and Seven said nothing, but looked at it, and yet it was neither more nor less than a rat-hole: she knelt down and.',36,'2019-06-07 19:20:42','2015-03-06 13:46:38'),(37,37,'text/x-pascal',8,'DON\'T know,\' said the Cat. \'I said pig,\' replied Alice; \'and I wish you would have this cat removed!\' The Queen had ordered. They very soon finished it off. \'If everybody minded their own business!\'.',37,'2010-07-30 12:12:42','2013-10-22 02:24:15'),(38,38,'application/x-shar',5,'By the time she found herself safe in a deep voice, \'What are they made of?\' \'Pepper, mostly,\' said the Mock Turtle Soup is made from,\' said the Mouse, in a great deal too flustered to tell him. \'A.',38,'2018-12-20 01:54:16','2017-02-18 13:28:26'),(39,39,'video/3gpp2',1,'The Mouse looked at Alice. \'It goes on, you know,\' said Alice, \'how am I to get to,\' said the King. The White Rabbit hurried by--the frightened Mouse splashed his way through the little door, so she.',39,'2015-08-19 23:38:48','2013-06-10 13:12:59'),(40,40,'application/vnd.wap.wbxml',7,'I to get in at the end of the tea--\' \'The twinkling of the sense, and the words have got in your pocket?\' he went on in these words: \'Yes, we went to school every day--\' \'I\'VE been to the.',40,'2011-08-24 12:52:55','2017-06-06 17:09:10'),(41,41,'application/x-cpio',6,'Alice. \'What sort of thing that would be a footman in livery, with a teacup in one hand and a long time together.\' \'Which is just the case with my wife; And the executioner went off like an honest.',41,'2019-01-11 05:32:34','2018-06-18 21:16:31'),(42,42,'application/x-futuresplash',2,'I would talk on such a hurry that she had to kneel down on one side, to look over their heads. She felt very lonely and low-spirited. In a little animal (she couldn\'t guess of what work it would.',42,'2011-02-28 07:59:51','2018-05-04 01:51:55'),(43,43,'application/vnd.denovo.fcselayout-link',8,'I wonder if I know I have dropped them, I wonder?\' Alice guessed in a tone of great relief. \'Call the next witness. It quite makes my forehead ache!\' Alice watched the Queen merely remarking as it.',43,'2017-10-03 18:59:48','2016-12-02 19:01:22'),(44,44,'application/x-mie',9,'Alice. \'Then it wasn\'t very civil of you to get dry very soon. \'Ahem!\' said the Hatter. \'You MUST remember,\' remarked the King, with an M--\' \'Why with an air of great relief. \'Call the next thing.',44,'2015-07-15 14:27:03','2019-05-03 00:47:58'),(45,45,'application/vnd.tmobile-livetv',8,'He was looking down at her with large round eyes, and feebly stretching out one paw, trying to explain the mistake it had entirely disappeared; so the King say in a minute, trying to make it stop..',45,'2014-08-29 08:32:34','2014-07-13 05:31:13'),(46,46,'video/x-m4v',4,'I didn\'t,\' said Alice: \'--where\'s the Duchess?\' \'Hush! Hush!\' said the Mock Turtle. \'No, no! The adventures first,\' said the Mock Turtle. Alice was very glad that it was quite out of his head. But.',46,'2013-11-29 18:29:00','2015-10-26 04:25:14'),(47,47,'application/vnd.fdsn.mseed',2,'Alice could speak again. In a little scream, half of anger, and tried to look over their heads. She felt very curious thing, and she hurried out of sight, he said to the executioner: \'fetch her.',47,'2016-12-30 01:11:25','2019-08-13 01:14:20'),(48,48,'application/vnd.oasis.opendocument.database',4,'Queen had ordered. They very soon came to ME, and told me you had been looking over their heads. She felt that she had but to her great delight it fitted! Alice opened the door opened inwards, and.',48,'2018-07-14 02:51:03','2015-06-03 04:09:42'),(49,49,'audio/x-ms-wax',7,'I was, I shouldn\'t want YOURS: I don\'t want YOU with us!\"\' \'They were obliged to write with one of the jurymen. \'No, they\'re not,\' said the Caterpillar; and it was too late to wish that! She went in.',49,'2010-09-28 07:42:34','2016-10-10 03:49:51'),(50,50,'application/xop+xml',6,'SOMETHING interesting is sure to kill it in asking riddles that have no answers.\' \'If you didn\'t sign it,\' said the Cat. \'I don\'t think it\'s at all know whether it was all about, and called out,.',50,'2011-12-21 03:47:44','2015-10-22 18:18:14'),(51,51,'application/x-sv4crc',5,'YOUR business, Two!\' said Seven. \'Yes, it IS his business!\' said Five, in a tone of great relief. \'Call the first really clever thing the King put on one knee. \'I\'m a poor man, your Majesty,\' said.',51,'2017-02-18 15:20:25','2010-08-02 14:57:08'),(52,52,'application/x-freearc',2,'For instance, if you drink much from a bottle marked \'poison,\' it is almost certain to disagree with you, sooner or later. However, this bottle was a large ring, with the words don\'t FIT you,\' said.',52,'2015-05-17 07:09:34','2013-06-09 17:51:16'),(53,53,'application/vnd.dece.zip',5,'Never heard of such a dreadful time.\' So Alice got up this morning, but I grow at a reasonable pace,\' said the one who got any advantage from the sky! Ugh, Serpent!\' \'But I\'m NOT a serpent, I tell.',53,'2018-09-10 09:39:58','2014-09-13 05:54:16'),(54,54,'text/turtle',8,'And welcome little fishes in With gently smiling jaws!\' \'I\'m sure I\'m not the same, the next question is, Who in the sea. But they HAVE their tails in their mouths--and they\'re all over with.',54,'2010-12-24 18:21:35','2012-06-22 20:04:41'),(55,55,'application/vnd.dece.data',2,'However, she got back to the end: then stop.\' These were the cook, to see if she did not like to have any rules in particular; at least, if there were three little sisters,\' the Dormouse shook its.',55,'2018-07-31 22:17:59','2013-05-19 10:37:08'),(56,56,'video/x-ms-vob',8,'She went on again:-- \'I didn\'t mean it!\' pleaded poor Alice. \'But you\'re so easily offended!\' \'You\'ll get used up.\' \'But what happens when one eats cake, but Alice had not as yet had any sense,.',56,'2015-05-29 22:27:37','2013-10-26 14:14:08'),(57,57,'image/vnd.fpx',9,'Alice. \'Why, there they lay sprawling about, reminding her very earnestly, \'Now, Dinah, tell me your history, you know,\' Alice gently remarked; \'they\'d have been changed in the pool as it was only.',57,'2016-09-18 06:43:46','2018-11-15 14:02:51'),(58,58,'application/vnd.dvb.ait',3,'I can\'t be civil, you\'d better ask HER about it.\' (The jury all wrote down all three to settle the question, and they lived at the sides of the room. The cook threw a frying-pan after her as she.',58,'2011-02-15 09:01:29','2016-08-26 00:28:24'),(59,59,'application/vnd.igloader',9,'Duchess, \'as pigs have to turn into a chrysalis--you will some day, you know--and then after that into a sort of chance of getting up and to stand on your shoes and stockings for you now, dears? I\'m.',59,'2016-07-03 06:00:29','2012-07-28 22:14:38'),(60,60,'application/x-msclip',6,'So they got settled down again very sadly and quietly, and looked at it, and found herself safe in a trembling voice, \'Let us get to twenty at that rate! However, the Multiplication Table doesn\'t.',60,'2015-03-08 08:06:06','2010-11-15 20:18:19'),(61,61,'image/vnd.dece.graphic',9,'Hatter replied. \'Of course it was,\' the March Hare,) \'--it was at the March Hare. \'He denies it,\' said Alice. \'Why, there they are!\' said the Hatter: \'let\'s all move one place on.\' He moved on as he.',61,'2013-04-26 17:03:09','2015-06-04 16:28:10'),(62,62,'application/x-sh',8,'Duchess asked, with another hedgehog, which seemed to be a person of authority over Alice. \'Stand up and said, \'It was the matter worse. You MUST have meant some mischief, or else you\'d have signed.',62,'2017-11-22 02:25:27','2016-12-10 02:33:47'),(63,63,'image/png',7,'She had already heard her sentence three of her age knew the right height to be.\' \'It is a long breath, and said nothing. \'Perhaps it doesn\'t matter much,\' thought Alice, \'it\'ll never do to come.',63,'2013-01-31 20:54:10','2012-01-25 19:03:15'),(64,64,'text/sgml',9,'That he met in the sky. Alice went on, \'that they\'d let Dinah stop in the book,\' said the Cat. \'--so long as you go to on the floor: in another moment, splash! she was beginning very angrily, but.',64,'2018-07-28 18:26:43','2012-11-11 19:13:16'),(65,65,'application/x-ms-wmd',4,'Alice. \'Only a thimble,\' said Alice to herself, being rather proud of it: \'No room! No room!\' they cried out when they liked, and left off when they had to fall a long hookah, and taking not the.',65,'2015-03-06 08:18:24','2019-10-13 15:18:37'),(66,66,'image/x-cmu-raster',6,'Pray, what is the same words as before, \'and things are \"much of a candle is blown out, for she had drunk half the bottle, saying to herself, \'I wonder how many hours a day did you begin?\' The.',66,'2016-07-08 14:34:51','2015-04-04 00:43:22'),(67,67,'application/x-glulx',5,'Dormouse shall!\' they both sat silent for a good deal frightened at the Hatter, with an important air, \'are you all ready? This is the same thing,\' said the Duchess; \'and that\'s a fact.\' Alice did.',67,'2014-05-17 10:54:42','2016-04-13 22:03:01'),(68,68,'application/vnd.stepmania.stepchart',4,'I\'ll kick you down stairs!\' \'That is not said right,\' said the sage, as he wore his crown over the verses to himself: \'\"WE KNOW IT TO BE TRUE--\" that\'s the jury, of course--\"I GAVE HER ONE, THEY.',68,'2018-07-07 20:57:38','2015-04-26 12:38:59'),(69,69,'text/x-vcalendar',7,'Caterpillar. \'Well, perhaps you haven\'t found it very much,\' said Alice; \'living at the frontispiece if you were me?\' \'Well, perhaps not,\' said Alice loudly. \'The idea of the edge of the house, and.',69,'2018-02-23 22:14:38','2015-03-01 14:40:02'),(70,70,'model/vnd.dwf',5,'Rabbit coming to look over their heads. She felt very lonely and low-spirited. In a little different. But if I\'m not myself, you see.\' \'I don\'t even know what a dear quiet thing,\' Alice went on just.',70,'2012-11-10 09:01:41','2016-09-25 06:27:41'),(71,71,'application/mathml+xml',5,'Queen. An invitation from the sky! Ugh, Serpent!\' \'But I\'m not the same, shedding gallons of tears, until there was room for her. \'Yes!\' shouted Alice. \'Come on, then!\' roared the Queen, stamping on.',71,'2012-03-23 07:40:14','2013-08-26 00:15:16'),(72,72,'application/vnd.wap.wmlc',8,'Dormouse turned out, and, by the soldiers, who of course was, how to spell \'stupid,\' and that makes them sour--and camomile that makes them bitter--and--and barley-sugar and such things that make.',72,'2019-02-26 13:35:33','2010-05-16 20:01:01'),(73,73,'application/lost+xml',1,'Let me see: four times seven is--oh dear! I wish I hadn\'t cried so much!\' said Alice, \'I\'ve often seen a rabbit with either a waistcoat-pocket, or a worm. The question is, what did the Dormouse.',73,'2010-06-26 18:53:48','2012-06-13 15:35:28'),(74,74,'application/vnd.shana.informed.interchange',7,'And she squeezed herself up closer to Alice\'s side as she swam about, trying to box her own mind (as well as she went on planning to herself in a very humble tone, going down on one of the singers.',74,'2017-03-26 18:35:53','2020-02-23 07:49:40'),(75,75,'image/gif',7,'Alice did not dare to laugh; and, as a boon, Was kindly permitted to pocket the spoon: While the Duchess began in a moment. \'Let\'s go on till you come to the fifth bend, I think?\' he said to herself.',75,'2014-05-11 05:00:08','2019-07-09 08:39:06'),(76,76,'application/vnd.oasis.opendocument.text',8,'YOURS: I don\'t take this young lady to see how he did with the Queen said to live. \'I\'ve seen a rabbit with either a waistcoat-pocket, or a worm. The question is, Who in the last few minutes, and.',76,'2014-07-26 03:26:25','2012-11-23 10:18:26'),(77,77,'image/vnd.dvb.subtitle',4,'Ugh, Serpent!\' \'But I\'m NOT a serpent!\' said Alice aloud, addressing nobody in particular. \'She\'d soon fetch it back!\' \'And who is to find that she did not appear, and after a pause: \'the reason is,.',77,'2020-04-27 03:17:41','2015-06-29 00:03:58'),(78,78,'application/x-font-woff',4,'I\'m sure _I_ shan\'t be able! I shall think nothing of tumbling down stairs! How brave they\'ll all think me for asking! No, it\'ll never do to ask: perhaps I shall have to beat time when she next.',78,'2011-09-10 14:31:29','2011-06-30 05:08:42'),(79,79,'audio/x-pn-realaudio',7,'THAT in a trembling voice to a shriek, \'and just as she wandered about for it, while the rest of it at all. However, \'jury-men\' would have made a rush at Alice as she spoke. (The unfortunate little.',79,'2020-03-23 09:13:52','2014-03-27 19:15:51'),(80,80,'application/vnd.dvb.service',4,'This time Alice waited a little, half expecting to see it trying in a louder tone. \'ARE you to set them free, Exactly as we needn\'t try to find that the reason so many out-of-the-way things had.',80,'2016-06-13 08:43:53','2012-06-21 18:12:34'),(81,81,'application/winhlp',4,'And so she waited. The Gryphon sat up and walking away. \'You insult me by talking such nonsense!\' \'I didn\'t write it, and burning with curiosity, she ran off as hard as he shook both his shoes on..',81,'2019-10-15 15:11:19','2013-08-31 12:43:13'),(82,82,'text/vnd.curl.mcurl',7,'YOU sing,\' said the Caterpillar. \'I\'m afraid I\'ve offended it again!\' For the Mouse only shook its head impatiently, and walked a little of the evening, beautiful Soup! Beau--ootiful Soo--oop!.',82,'2013-06-13 16:15:14','2017-12-22 02:17:59'),(83,83,'model/vnd.dwf',7,'Seaography: then Drawling--the Drawling-master was an immense length of neck, which seemed to be no sort of a book,\' thought Alice to herself. \'I dare say there may be ONE.\' \'One, indeed!\' said the.',83,'2012-11-17 12:31:43','2019-08-26 06:31:41'),(84,84,'application/vnd.recordare.musicxml+xml',6,'My notion was that it was an old conger-eel, that used to queer things happening. While she was about a thousand times as large as himself, and this he handed over to the jury, of course--\"I GAVE.',84,'2014-01-20 01:56:51','2015-09-03 22:18:29'),(85,85,'text/plain',3,'Cat. \'Do you know about it, you may SIT down,\' the King said gravely, \'and go on till you come to the shore, and then at the stick, and held it out again, so she went in search of her going, though.',85,'2018-06-11 01:00:20','2016-06-07 09:40:14'),(86,86,'application/pdf',4,'Five, \'and I\'ll tell you my history, and you\'ll understand why it is all the jurymen are back in their mouths--and they\'re all over crumbs.\' \'You\'re wrong about the twentieth time that day. \'A.',86,'2018-09-21 17:09:20','2016-12-14 09:52:04'),(87,87,'application/vnd.kde.kivio',8,'Gryphon. \'It\'s all about it!\' Last came a little different. But if I\'m not used to it in her life before, and he checked himself suddenly: the others all joined in chorus, \'Yes, please do!\' but the.',87,'2019-09-14 04:11:29','2019-04-28 03:58:29'),(88,88,'video/vnd.fvt',9,'Queen. \'It proves nothing of the tea--\' \'The twinkling of the lefthand bit of mushroom, and crawled away in the middle. Alice kept her eyes filled with tears running down his cheeks, he went on,.',88,'2018-05-18 20:37:13','2017-12-24 23:17:03'),(89,89,'image/x-portable-pixmap',7,'Edgar Atheling to meet William and offer him the crown. William\'s conduct at first she would have appeared to them to be otherwise.\"\' \'I think you could only see her. She is such a puzzled.',89,'2014-06-18 10:36:12','2015-12-14 07:22:08'),(90,90,'application/vnd.syncml.dm+xml',6,'Cheshire Cat sitting on the table. \'Have some wine,\' the March Hare. \'It was the first witness,\' said the White Rabbit blew three blasts on the other side of the house down!\' said the youth, \'and.',90,'2015-07-04 05:01:54','2018-06-09 12:01:19'),(91,91,'application/vnd.ms-powerpoint.presentation.macroenabled.12',8,'KNOW IT TO BE TRUE--\" that\'s the jury, in a rather offended tone, \'so I can\'t quite follow it as a partner!\' cried the Mouse, who was beginning to feel very sleepy and stupid), whether the blows.',91,'2010-08-14 08:15:19','2018-09-01 17:47:35'),(92,92,'application/mathml+xml',4,'My notion was that it was very deep, or she should push the matter worse. You MUST have meant some mischief, or else you\'d have signed your name like an honest man.\' There was a good thing!\' she.',92,'2017-12-08 11:10:42','2011-05-05 02:19:45'),(93,93,'model/vrml',7,'Alice very politely; but she added, \'and the moral of that is--\"The more there is of mine, the less there is of finding morals in things!\' Alice began in a great deal of thought, and rightly too,.',93,'2014-05-02 10:10:00','2020-01-25 12:43:45'),(94,94,'application/x-gca-compressed',1,'TWO little shrieks, and more sounds of broken glass, from which she had never done such a thing. After a while she ran, as well say,\' added the Gryphon; and then turned to the part about her pet:.',94,'2014-07-17 13:00:22','2015-09-09 09:33:47'),(95,95,'audio/mp4',5,'YOU, and no one to listen to her. \'I can hardly breathe.\' \'I can\'t go no lower,\' said the Caterpillar. \'Well, perhaps your feelings may be different,\' said Alice; \'all I know all sorts of things--I.',95,'2018-08-17 17:56:20','2015-01-07 18:15:46'),(96,96,'application/vnd.kde.kspread',5,'Alice very humbly: \'you had got so close to the conclusion that it might appear to others that what you would seem to come out among the leaves, which she concluded that it was too much frightened.',96,'2019-06-24 00:47:30','2013-04-09 06:38:26'),(97,97,'model/x3d+xml',7,'I\'m quite tired and out of it, and fortunately was just saying to herself \'Suppose it should be raving mad--at least not so mad as it was YOUR table,\' said Alice; \'living at the sides of the.',97,'2010-05-20 12:06:33','2017-10-18 15:55:47'),(98,98,'application/x-glulx',9,'Mock Turtle went on. \'Would you like to show you! A little bright-eyed terrier, you know, with oh, such long ringlets, and mine doesn\'t go in ringlets at all; however, she went on muttering over the.',98,'2019-08-09 09:56:16','2017-04-04 08:34:00'),(99,99,'application/x-gtar',3,'Gryphon. \'We can do without lobsters, you know. Which shall sing?\' \'Oh, YOU sing,\' said the White Rabbit read:-- \'They told me he was obliged to write this down on one knee as he spoke, and then.',99,'2020-02-28 11:59:03','2013-02-02 18:18:44'),(100,100,'application/vnd.sun.xml.draw',2,'IN the well,\' Alice said very politely, feeling quite pleased to have any pepper in my own tears! That WILL be a great deal of thought, and looked very uncomfortable. The moment Alice felt.',100,'2010-05-13 03:58:07','2018-04-09 14:32:51');
/*!40000 ALTER TABLE `media` ENABLE KEYS */;
UNLOCK TABLES;

--
-- Table structure for table `media_types`
--

DROP TABLE IF EXISTS `media_types`;
/*!40101 SET @saved_cs_client     = @@character_set_client */;
/*!50503 SET character_set_client = utf8mb4 */;
CREATE TABLE `media_types` (
  `id` int unsigned NOT NULL AUTO_INCREMENT,
  `name` varchar(255) CHARACTER SET utf8 COLLATE utf8_unicode_ci NOT NULL,
  PRIMARY KEY (`id`),
  UNIQUE KEY `name` (`name`)
) ENGINE=InnoDB AUTO_INCREMENT=101 DEFAULT CHARSET=utf8 COLLATE=utf8_unicode_ci;
/*!40101 SET character_set_client = @saved_cs_client */;

--
-- Dumping data for table `media_types`
--

LOCK TABLES `media_types` WRITE;
/*!40000 ALTER TABLE `media_types` DISABLE KEYS */;
INSERT INTO `media_types` VALUES (83,'Adventures of hers that you weren\'t to talk to.\' \'How are you getting on now, my dear?\' it continued, turning to Alice, and she went round the neck of the Gryphon, and the Queen shouted at the.'),(75,'Alice desperately: \'he\'s perfectly idiotic!\' And she began shrinking directly. As soon as there was no one else seemed inclined to say when I breathe\"!\' \'It IS the fun?\' said Alice. \'Of course not,\'.'),(13,'Alice did not dare to laugh; and, as she spoke; \'either you or your head must be a Caucus-race.\' \'What IS a long way back, and see what would happen next. The first question of course was, how to.'),(12,'Alice led the way, and nothing seems to grin, How neatly spread his claws, And welcome little fishes in With gently smiling jaws!\' \'I\'m sure those are not the same, shedding gallons of tears, \'I do.'),(77,'Alice more boldly: \'you know you\'re growing too.\' \'Yes, but some crumbs must have got in as well,\' the Hatter went on, \'if you only kept on puzzling about it in asking riddles that have no answers.\'.'),(18,'Alice opened the door with his whiskers!\' For some minutes the whole place around her became alive with the other side will make you dry enough!\' They all made of solid glass; there was no use.'),(99,'Alice quite hungry to look for her, and the shrill voice of thunder, and people began running about in the distance, sitting sad and lonely on a summer day: The Knave shook his head contemptuously..'),(17,'Alice replied thoughtfully. \'They have their tails in their proper places--ALL,\' he repeated with great curiosity, and this was not much like keeping so close to her, though, as they would go, and.'),(14,'Alice said nothing: she had succeeded in getting its body tucked away, comfortably enough, under her arm, with its arms and legs in all directions, \'just like a snout than a rat-hole: she knelt down.'),(11,'Alice soon came to ME, and told me you had been of late much accustomed to usurpation and conquest. Edwin and Morcar, the earls of Mercia and Northumbria--\"\' \'Ugh!\' said the Duchess: you\'d better.'),(4,'Alice very politely; but she could not help bursting out laughing: and when she had grown so large a house, that she was exactly the right words,\' said poor Alice, that she wanted much to know, but.'),(65,'Alice was beginning to write with one finger for the end of every line: \'Speak roughly to your places!\' shouted the Queen added to one of the Lobster; I heard him declare, \"You have baked me too.'),(30,'Alice was very like a mouse, you know. Which shall sing?\' \'Oh, YOU sing,\' said the last time she found herself falling down a good deal: this fireplace is narrow, to be afraid of them!\' \'And who are.'),(22,'Alice went on to her to begin.\' For, you see, Alice had got its head down, and was just in time to begin with,\' said the Cat, as soon as she could remember them, all these strange Adventures of hers.'),(100,'Alice, a little bird as soon as look at me like that!\' But she went on eagerly. \'That\'s enough about lessons,\' the Gryphon only answered \'Come on!\' and ran off, thinking while she ran, as well as.'),(82,'Alice. \'I\'ve so often read in the world go round!\"\' \'Somebody said,\' Alice whispered, \'that it\'s done by everybody minding their own business!\' \'Ah, well! It means much the same thing with you,\'.'),(84,'Alice. \'Only a thimble,\' said Alice doubtfully: \'it means--to--make--anything--prettier.\' \'Well, then,\' the Gryphon interrupted in a moment: she looked down into a cucumber-frame, or something of.'),(64,'Alice\'s side as she ran; but the Hatter said, turning to the Gryphon. \'Then, you know,\' the Hatter hurriedly left the court, \'Bring me the truth: did you call him Tortoise--\' \'Why did they draw?\'.'),(6,'ALL PERSONS MORE THAN A MILE HIGH TO LEAVE THE COURT.\' Everybody looked at her, and the Mock Turtle at last, more calmly, though still sobbing a little shriek and a Long Tale They were indeed a.'),(25,'And she went in without knocking, and hurried upstairs, in great fear lest she should push the matter with it. There was certainly English. \'I don\'t think--\' \'Then you shouldn\'t talk,\' said the Cat,.'),(3,'And the Eaglet bent down its head impatiently, and said, \'That\'s right, Five! Always lay the blame on others!\' \'YOU\'D better not talk!\' said Five. \'I heard every word you fellows were saying.\' \'Tell.'),(59,'And the executioner ran wildly up and said, very gravely, \'I think, you ought to be no chance of getting up and down, and nobody spoke for some way of keeping up the other, and growing sometimes.'),(28,'And will talk in contemptuous tones of her knowledge. \'Just think of what sort it was) scratching and scrambling about in a VERY unpleasant state of mind, she turned to the Knave. The Knave shook.'),(63,'ARE OLD, FATHER WILLIAM,\"\' said the Cat. \'--so long as I tell you!\' But she went on. \'Would you like the look of it in large letters. It was as much use in talking to him,\' the Mock Turtle: \'why, if.'),(98,'As for pulling me out of sight. Alice remained looking thoughtfully at the other, looking uneasily at the Queen, and in his sleep, \'that \"I like what I should have liked teaching it tricks very.'),(91,'As soon as it spoke. \'As wet as ever,\' said Alice in a great thistle, to keep herself from being broken. She hastily put down yet, before the trial\'s over!\' thought Alice. \'I\'ve tried every way, and.'),(53,'As soon as she swam nearer to make the arches. The chief difficulty Alice found at first she would get up and leave the court; but on second thoughts she decided on going into the way out of the.'),(34,'At last the Mouse, sharply and very soon found an opportunity of adding, \'You\'re looking for them, and then at the flowers and the bright eager eyes were getting so thin--and the twinkling of the.'),(15,'But I\'ve got to grow up again! Let me see: that would be of any good reason, and as Alice could think of any good reason, and as it spoke. \'As wet as ever,\' said Alice timidly. \'Would you tell me,\'.'),(52,'But they HAVE their tails in their mouths--and they\'re all over with fright. \'Oh, I beg your pardon,\' said Alice very meekly: \'I\'m growing.\' \'You\'ve no right to grow here,\' said the Cat, as soon as.'),(44,'Cat said, waving its tail about in the lap of her hedgehog. The hedgehog was engaged in a louder tone. \'ARE you to death.\"\' \'You are old,\' said the Duchess, digging her sharp little chin into.'),(49,'Caterpillar contemptuously. \'Who are YOU?\' Which brought them back again to the Knave \'Turn them over!\' The Knave shook his head sadly. \'Do I look like it?\' he said, \'on and off, for days and days.\'.'),(9,'Christmas.\' And she thought there was a sound of a well?\' The Dormouse had closed its eyes again, to see it trot away quietly into the air. \'--as far out to the end: then stop.\' These were the two.'),(50,'Dormouse, after thinking a minute or two to think about stopping herself before she got into a large arm-chair at one and then all the same, shedding gallons of tears, but said nothing. \'This here.'),(58,'Duchess, as she couldn\'t answer either question, it didn\'t sound at all the jurymen on to the table to measure herself by it, and on both sides of the officers: but the Dormouse said--\' the Hatter.'),(79,'Duchess, it had some kind of sob, \'I\'ve tried the effect of lying down with wonder at the stick, running a very respectful tone, but frowning and making quite a new pair of white kid gloves: she.'),(61,'Duchess. An invitation for the baby, the shriek of the suppressed guinea-pigs, filled the air, I\'m afraid, sir\' said Alice, in a shrill, passionate voice. \'Would YOU like cats if you were INSIDE,.'),(72,'Even the Duchess was sitting next to her. \'I wish you wouldn\'t squeeze so.\' said the Footman. \'That\'s the most curious thing I know. Silence all round, if you like,\' said the Gryphon, before Alice.'),(92,'Gryphon, before Alice could not make out what she did, she picked up a little pattering of feet on the floor, and a long and a fall, and a long way back, and see that the meeting adjourn, for the.'),(16,'Gryphon; and then dipped suddenly down, so suddenly that Alice had no very clear notion how long ago anything had happened.) So she set to work nibbling at the cook was busily stirring the soup, and.'),(26,'Gryphon. \'Do you mean that you couldn\'t cut off a bit hurt, and she went on, \'What HAVE you been doing here?\' \'May it please your Majesty,\' he began. \'You\'re a very short time the Mouse in the same.'),(78,'Hatter and the game was in confusion, getting the Dormouse shook itself, and began an account of the Gryphon, and the poor little feet, I wonder if I\'ve been changed for Mabel! I\'ll try if I shall.'),(96,'Hatter said, turning to Alice an excellent opportunity for making her escape; so she bore it as you can--\' \'Swim after them!\' screamed the Gryphon. \'We can do no more, whatever happens. What WILL.'),(68,'Hatter were having tea at it: a Dormouse was sitting next to her. \'I wish I could not help bursting out laughing: and when she had hurt the poor little thing howled so, that Alice could see, when.'),(89,'However, at last it sat down with wonder at the corners: next the ten courtiers; these were ornamented all over with diamonds, and walked two and two, as the Caterpillar contemptuously. \'Who are.'),(76,'However, she soon made out the proper way of keeping up the other, looking uneasily at the Lizard as she spoke. (The unfortunate little Bill had left off staring at the bottom of a good deal until.'),(41,'However, when they passed too close, and waving their forepaws to mark the time, while the Dodo solemnly, rising to its children, \'Come away, my dears! It\'s high time you were me?\' \'Well, perhaps.'),(67,'I am very tired of sitting by her sister on the table. \'Nothing can be clearer than THAT. Then again--\"BEFORE SHE HAD THIS FIT--\" you never tasted an egg!\' \'I HAVE tasted eggs, certainly,\' said.'),(88,'I can\'t quite follow it as you are; secondly, because she was quite pale (with passion, Alice thought), and it was a good deal: this fireplace is narrow, to be almost out of the Queen\'s ears--\' the.'),(1,'I don\'t care which happens!\' She ate a little animal (she couldn\'t guess of what sort it was) scratching and scrambling about in the lock, and to her that she did not notice this question, but.'),(40,'I don\'t think,\' Alice went on, \'What\'s your name, child?\' \'My name is Alice, so please your Majesty,\' said the Caterpillar. \'Well, I\'ve tried hedges,\' the Pigeon in a rather offended tone, and.'),(8,'I don\'t think,\' Alice went timidly up to Alice, they all stopped and looked at the top of her little sister\'s dream. The long grass rustled at her feet as the doubled-up soldiers were always getting.'),(19,'I hadn\'t drunk quite so much!\' Alas! it was all very well without--Maybe it\'s always pepper that had made out that she ought to have it explained,\' said the Dodo, \'the best way you go,\' said the.'),(57,'I have ordered\'; and she dropped it hastily, just in time to see that queer little toss of her hedgehog. The hedgehog was engaged in a deep sigh, \'I was a queer-shaped little creature, and held out.'),(48,'I heard him declare, \"You have baked me too brown, I must be a footman in livery came running out of its little eyes, but it did not at all the jurymen on to the waving of the garden: the roses.'),(85,'I mean what I say--that\'s the same side of WHAT? The other side of the goldfish kept running in her hands, and she went on, \'that they\'d let Dinah stop in the book,\' said the King in a large one,.'),(46,'I shall be a lesson to you to sit down without being invited,\' said the Cat, \'if you only kept on good terms with him, he\'d do almost anything you liked with the glass table as before, \'and things.'),(95,'I suppose?\' \'Yes,\' said Alice, always ready to talk to.\' \'How are you getting on?\' said the Queen. \'Well, I should like to hear her try and say \"How doth the little door into that beautiful.'),(94,'I to do so. \'Shall we try another figure of the fact. \'I keep them to be a footman in livery came running out of court! Suppress him! Pinch him! Off with his whiskers!\' For some minutes the whole.'),(73,'I\'m certain! I must be getting home; the night-air doesn\'t suit my throat!\' and a bright idea came into Alice\'s shoulder as he could think of nothing else to say \'creatures,\' you see, as she went.'),(62,'I\'m never sure what I\'m going to remark myself.\' \'Have you guessed the riddle yet?\' the Hatter began, in a very grave voice, \'until all the unjust things--\' when his eye chanced to fall a long sleep.'),(87,'I\'m not myself, you see.\' \'I don\'t believe there\'s an atom of meaning in it, and found that, as nearly as large as himself, and this Alice would not stoop? Soup of the same as the rest of the court..'),(24,'I\'m sure _I_ shan\'t be beheaded!\' said Alice, who always took a minute or two. \'They couldn\'t have done just as usual. I wonder what they said. The executioner\'s argument was, that you weren\'t to.'),(43,'I\'ve been changed for any lesson-books!\' And so it was all very well to say which), and they lived at the thought that it was quite a conversation of it in time,\' said the Queen, \'Really, my dear,.'),(7,'I\'ve nothing to do.\" Said the mouse doesn\'t get out.\" Only I don\'t want YOU with us!\"\' \'They were obliged to say but \'It belongs to a mouse, That he met in the common way. So they went up to Alice,.'),(93,'It doesn\'t look like it?\' he said. \'Fifteenth,\' said the Caterpillar. Alice said to the Classics master, though. He was looking at everything about her, to pass away the moment they saw her, they.'),(32,'Just then her head made her look up in her pocket) till she was as much as she picked up a little three-legged table, all made a dreadfully ugly child: but it just grazed his nose, and broke to.'),(5,'Knave of Hearts, who only bowed and smiled in reply. \'Idiot!\' said the Queen shrieked out. \'Behead that Dormouse! Turn that Dormouse out of its mouth and yawned once or twice she had plenty of time.'),(31,'Long Tale They were indeed a queer-looking party that assembled on the floor, and a great deal to ME,\' said Alice indignantly. \'Ah! then yours wasn\'t a really good school,\' said the Duchess, it had.'),(74,'Majesty!\' the soldiers shouted in reply. \'Idiot!\' said the Dormouse. \'Fourteenth of March, I think it was,\' the March Hare meekly replied. \'Yes, but I can\'t show it you myself,\' the Mock Turtle,.'),(90,'March Hare. \'Sixteenth,\' added the Gryphon; and then a voice sometimes choked with sobs, to sing this:-- \'Beautiful Soup, so rich and green, Waiting in a bit.\' \'Perhaps it doesn\'t mind.\' The table.'),(81,'MINE.\' The Queen turned crimson with fury, and, after folding his arms and legs in all directions, \'just like a thunderstorm. \'A fine day, your Majesty!\' the Duchess asked, with another dig of her.'),(69,'Mock Turtle replied in a long, low hall, which was immediately suppressed by the soldiers, who of course had to ask the question?\' said the King. \'It began with the other ladder?--Why, I hadn\'t.'),(51,'Mock Turtle went on \'And how many miles I\'ve fallen by this time, and was going to say,\' said the Mock Turtle, \'they--you\'ve seen them, of course?\' \'Yes,\' said Alice more boldly: \'you know you\'re.'),(33,'Mock Turtle, \'Drive on, old fellow! Don\'t be all day to such stuff? Be off, or I\'ll kick you down stairs!\' \'That is not said right,\' said the Hatter. Alice felt a very fine day!\' said a sleepy voice.'),(80,'Mock Turtle, who looked at it again: but he could think of nothing better to say it over) \'--yes, that\'s about the crumbs,\' said the King repeated angrily, \'or I\'ll have you executed on the whole.'),(21,'Mock Turtle. So she was walking by the end of the trees under which she had put on your shoes and stockings for you now, dears? I\'m sure she\'s the best of educations--in fact, we went to work.'),(23,'Normans--\" How are you getting on?\' said the Caterpillar. \'Is that all?\' said Alice, in a sorrowful tone; \'at least there\'s no use in saying anything more till the Pigeon in a minute, nurse! But.'),(42,'Oh, how I wish you wouldn\'t mind,\' said Alice: \'three inches is such a capital one for catching mice--oh, I beg your pardon!\' cried Alice again, in a game of play with a knife, it usually bleeds;.'),(39,'Oh, my dear paws! Oh my dear paws! Oh my dear Dinah! I wonder if I\'ve kept her eyes immediately met those of a good deal frightened by this very sudden change, but she got up, and reduced the answer.'),(97,'Presently the Rabbit was no \'One, two, three, and away,\' but they were getting extremely small for a few minutes, and began singing in its sleep \'Twinkle, twinkle, twinkle, twinkle--\' and went on:.'),(45,'Queen had never heard it muttering to itself in a very curious sensation, which puzzled her a good deal frightened by this time, as it left no mark on the song, she kept on puzzling about it in less.'),(10,'Queen said--\' \'Get to your little boy, And beat him when he sneezes: He only does it matter to me whether you\'re nervous or not.\' \'I\'m a poor man, your Majesty,\' said the Gryphon. \'Turn a somersault.'),(66,'Queen was to twist it up into hers--she could hear the words:-- \'I speak severely to my right size: the next moment a shower of saucepans, plates, and dishes. The Duchess took her choice, and was.'),(70,'Queen, who had spoken first. \'That\'s none of them say, \'Look out now, Five! Don\'t go splashing paint over me like a telescope.\' And so it was the matter on, What would become of me? They\'re.'),(47,'See how eagerly the lobsters and the other players, and shouting \'Off with his head!\' or \'Off with his knuckles. It was all about, and called out, \'First witness!\' The first witness was the first.'),(38,'Shark, But, when the Rabbit asked. \'No, I didn\'t,\' said Alice: \'besides, that\'s not a moment like a stalk out of his Normans--\" How are you getting on now, my dear?\' it continued, turning to Alice.'),(20,'She soon got it out loud. \'Thinking again?\' the Duchess asked, with another dig of her little sister\'s dream. The long grass rustled at her as hard as he spoke, and added \'It isn\'t a bird,\' Alice.'),(56,'She took down a jar from one end to the law, And argued each case with MINE,\' said the Duchess, as she spoke; \'either you or your head must be growing small again.\' She got up and walking away. \'You.'),(37,'Sir, With no jury or judge, would be four thousand miles down, I think--\' (she was so small as this is May it won\'t be raving mad after all! I almost wish I\'d gone to see anything; then she walked.'),(27,'So she began: \'O Mouse, do you mean \"purpose\"?\' said Alice. \'Of course it was,\' the March Hare. \'Exactly so,\' said the White Rabbit, who was reading the list of singers. \'You may go,\' said the.'),(71,'Stop this moment, and fetch me a pair of the words have got in as well,\' the Hatter instead!\' CHAPTER VII. A Mad Tea-Party There was no use going back to finish his story. CHAPTER IV. The Rabbit.'),(54,'That\'s all.\' \'Thank you,\' said the Dodo. Then they both bowed low, and their slates and pencils had been anything near the door, staring stupidly up into the garden. Then she went on: \'--that begins.'),(60,'The Lobster Quadrille is!\' \'No, indeed,\' said Alice. \'That\'s very curious!\' she thought. \'But everything\'s curious today. I think you\'d take a fancy to cats if you want to stay in here any longer!\'.'),(2,'This answer so confused poor Alice, who was passing at the March Hare. Visit either you like: they\'re both mad.\' \'But I don\'t want YOU with us!\"\' \'They were learning to draw,\' the Dormouse began in.'),(29,'WAS a narrow escape!\' said Alice, \'and why it is right?\' \'In my youth,\' said the Caterpillar. Alice folded her hands, and began:-- \'You are all dry, he is gay as a last resource, she put one arm out.'),(86,'What happened to you? Tell us all about for it, he was obliged to say it out into the sky. Alice went timidly up to them to be seen: she found herself safe in a low, weak voice. \'Now, I give it up,\'.'),(55,'Which way?\', holding her hand again, and she hastily dried her eyes filled with tears again as she fell very slowly, for she thought, and rightly too, that very few things indeed were really.'),(35,'White Rabbit: it was looking about for them, but they were all turning into little cakes as they all moved off, and had to ask any more questions about it, you know.\' \'Not at all,\' said Alice:.'),(36,'WILL do next! As for pulling me out of the month, and doesn\'t tell what o\'clock it is!\' As she said to Alice. \'Only a thimble,\' said Alice to herself, as usual. \'Come, there\'s no use going back to.');
/*!40000 ALTER TABLE `media_types` ENABLE KEYS */;
UNLOCK TABLES;

--
-- Table structure for table `messages`
--

DROP TABLE IF EXISTS `messages`;
/*!40101 SET @saved_cs_client     = @@character_set_client */;
/*!50503 SET character_set_client = utf8mb4 */;
CREATE TABLE `messages` (
  `id` int unsigned NOT NULL AUTO_INCREMENT,
  `from_user_id` int unsigned NOT NULL,
  `to_user_id` int unsigned NOT NULL,
  `body` text CHARACTER SET utf8 COLLATE utf8_unicode_ci NOT NULL,
  `is_important` tinyint(1) DEFAULT NULL,
  `is_delivered` tinyint(1) DEFAULT NULL,
  `created_at` datetime DEFAULT CURRENT_TIMESTAMP,
  PRIMARY KEY (`id`)
) ENGINE=InnoDB AUTO_INCREMENT=101 DEFAULT CHARSET=utf8 COLLATE=utf8_unicode_ci;
/*!40101 SET character_set_client = @saved_cs_client */;

--
-- Dumping data for table `messages`
--

LOCK TABLES `messages` WRITE;
/*!40000 ALTER TABLE `messages` DISABLE KEYS */;
INSERT INTO `messages` VALUES (1,1,4,'Incidunt accusantium exercitationem eos et. Id doloremque voluptatibus sunt dolores error.',1,1,'2011-04-27 15:55:51'),(2,2,2,'Reiciendis omnis autem et veniam quia temporibus. Tempora et ipsum alias eligendi dolorum temporibus voluptas fuga. Alias tenetur quod iste sed velit.',0,1,'2018-06-14 13:28:58'),(3,3,9,'Placeat est eos qui inventore itaque asperiores voluptatum error. Reiciendis beatae molestiae ut quia et. Eum esse laboriosam explicabo necessitatibus. Eum voluptatem nam qui sunt. Error eum saepe sapiente asperiores id libero consequatur.',1,0,'2015-06-11 07:12:51'),(4,4,6,'Sit quidem tempora odit hic. Illum ipsam minima qui temporibus. Harum quibusdam veritatis ut ex.',1,1,'2012-01-26 18:39:20'),(5,5,8,'Optio dicta qui inventore eligendi ratione accusantium amet. Eum quo ex quas. Delectus eos aut hic inventore corporis et nostrum. Magnam sit natus expedita et sed explicabo.',0,0,'2016-12-16 11:17:37'),(6,6,2,'Vel blanditiis corrupti temporibus rerum qui itaque. Repudiandae voluptates suscipit voluptatem enim qui. Quaerat qui est repudiandae sunt. Nisi vel eum perspiciatis et qui quibusdam quam.',0,0,'2018-05-12 10:23:53'),(7,7,3,'Ut ut nulla rerum voluptate hic adipisci omnis. In quibusdam ratione aperiam modi. Reiciendis aut officia quidem nisi aut.',1,1,'2013-06-14 07:27:01'),(8,8,5,'Neque dolor minus sunt consequatur ipsum rerum ullam. Adipisci tempora rerum sunt. Est sint culpa sint officia.',1,0,'2011-05-01 08:50:23'),(9,9,2,'Officiis repudiandae maxime sunt omnis nisi. Nesciunt aut perferendis provident deleniti quos in porro quia. Et dolorem aut quia.',1,0,'2018-07-22 04:14:29'),(10,10,7,'Praesentium tenetur nihil aperiam cum. Qui quod et molestias et. Voluptas incidunt et corporis provident ea rerum illo dicta. Magnam aut ut blanditiis expedita corrupti.',1,0,'2014-01-11 02:38:48'),(11,11,9,'Doloribus autem et accusantium ut. Dicta rerum accusamus necessitatibus laborum qui ducimus. Maiores quia corrupti quam odio nisi consequuntur id. Necessitatibus quo sed rerum totam veritatis voluptatibus quibusdam.',0,1,'2016-09-09 16:38:12'),(12,12,5,'Sint qui in animi. Et voluptas est sit voluptate aut omnis ipsum. Fuga eius est alias illum suscipit.',1,0,'2018-09-09 05:15:25'),(13,13,8,'Dicta repellendus ut ut ipsa iusto architecto optio. Aspernatur occaecati quasi ipsa et iure. Sunt eaque qui reiciendis voluptatem sequi qui corporis. Enim id beatae quam. Tempora facere dolores quia impedit quisquam.',1,1,'2012-06-03 11:57:50'),(14,14,1,'Et at dolores nobis similique vel numquam voluptas. Laboriosam facilis voluptatibus eius mollitia sit ipsum perferendis. Illum mollitia asperiores autem non nostrum praesentium quia.',0,1,'2016-02-11 16:11:45'),(15,15,9,'Quo natus ut id tempora. Voluptates deleniti temporibus amet autem. Ratione iusto ut sed eius. Voluptas non ea ut corrupti.',1,1,'2016-01-23 00:37:56'),(16,16,4,'Et quia aut ut est autem fugiat rem sapiente. Sit dolor sit sequi corporis nostrum quod eos aut. Dolor necessitatibus error esse eos amet beatae in. Voluptates ea sed id iusto aut ipsa consequatur. Qui vel ipsa et quam soluta occaecati inventore.',0,1,'2015-10-10 02:50:23'),(17,17,3,'Nisi voluptas enim et est et quasi. Perspiciatis sit ut illo nesciunt tenetur. Dolores sunt est vero ut veritatis quam. Odit deserunt officiis omnis quo et sed esse.',1,1,'2015-03-27 21:36:22'),(18,18,9,'Doloribus sapiente quo voluptatum ut voluptas dolorem. Eos hic perferendis autem. Dolores quod numquam fugit doloremque corrupti sit dicta. Illo ut optio est debitis dolorum eveniet voluptatibus.',0,1,'2010-10-26 17:02:38'),(19,19,5,'Quibusdam labore fuga laudantium atque voluptatem in facere. Officiis numquam dolorem non. Quaerat enim eum in est nemo aut dignissimos. Voluptas officiis voluptas sint qui id in vel.',0,1,'2015-07-31 03:34:37'),(20,20,6,'Nisi vel velit doloribus fugit consectetur. Laboriosam nihil consectetur velit recusandae temporibus et. Pariatur eum ut ratione iste vitae voluptate. Sit laboriosam quia at porro voluptates.',1,0,'2011-11-16 17:18:18'),(21,21,2,'Voluptatibus velit non quos. Deleniti qui enim ducimus corrupti aliquam sed consectetur. Ut dolores nam qui veniam. Esse rerum quibusdam molestiae iste. Praesentium voluptatum tempora et voluptate velit dolores placeat.',0,0,'2017-05-08 21:20:14'),(22,22,9,'A assumenda incidunt numquam aliquid necessitatibus enim iste. Expedita enim adipisci maiores et debitis rem inventore. Qui fuga nam vel optio aut.',0,1,'2017-04-06 01:46:18'),(23,23,6,'Quae omnis est facere et alias quia consequuntur non. Corrupti deserunt et voluptatem. Repudiandae officia laudantium placeat numquam eveniet repellendus quisquam. Recusandae incidunt ipsam odit explicabo dolore eos soluta.',1,1,'2018-09-06 19:46:05'),(24,24,9,'Possimus deserunt at nesciunt ut dolor. Voluptatem inventore sapiente et. Nisi odit voluptas eius enim eos unde molestias. Quaerat similique amet illo magni dolore laborum.',1,0,'2019-04-20 13:21:38'),(25,25,5,'Sunt totam earum est et adipisci ea voluptatibus. Similique quis minus aut pariatur facere aut. Repellat assumenda corporis voluptas adipisci voluptas aperiam. Voluptas maiores impedit quis omnis error ea.',0,0,'2019-04-01 10:01:09'),(26,26,7,'Possimus ea incidunt ut animi adipisci illum. Repellendus perspiciatis debitis veritatis veritatis adipisci perferendis. Quia et esse et nihil molestiae. Tempore qui fuga odio.',1,0,'2012-12-30 12:33:00'),(27,27,5,'Et fugit dolorem iste et quae eius doloremque. Nisi harum et qui qui sequi.',1,0,'2012-11-01 03:56:13'),(28,28,4,'Consectetur qui eum sint sequi. Repudiandae accusantium delectus ea facere eaque ab. Iusto fugit natus possimus quae accusantium. Ut cum rerum ut molestiae vero veniam. Consequatur tempora culpa excepturi qui repellat.',1,0,'2012-06-14 21:38:47'),(29,29,7,'Quia ut omnis est debitis. Sit nemo rerum deleniti.',0,0,'2019-09-27 08:47:17'),(30,30,5,'Ea laborum corporis vel similique minima voluptas doloribus. Quia architecto placeat est quia accusamus. Totam voluptatem voluptatem corporis ut aut consequuntur exercitationem.',0,0,'2013-03-06 06:37:04'),(31,31,4,'Voluptatem deleniti et explicabo dicta id ullam. Iste eius optio quo ut quas deserunt. Consequuntur veritatis aliquid omnis ipsa autem natus mollitia. Quia voluptate qui maxime molestias mollitia hic velit. Voluptatem occaecati ad non molestiae dolor.',0,0,'2016-10-31 12:29:54'),(32,32,6,'Rerum in et et ea nulla. Velit cumque consequuntur at id aut alias.',1,0,'2013-09-29 06:51:53'),(33,33,6,'Vel quos enim quia non eius eius quisquam. Mollitia voluptatem voluptatem dolorem praesentium doloremque. Eos perferendis odit dolor rerum id mollitia voluptatem.',0,1,'2013-09-28 10:39:44'),(34,34,4,'Explicabo vero odio consequatur. Qui delectus dolor ratione cupiditate. Autem aut ex sint qui asperiores occaecati a. Quod et autem sequi a quae eos.',0,0,'2019-04-18 19:23:03'),(35,35,5,'Consequuntur dolor explicabo voluptates in laboriosam repellendus quidem. Numquam beatae fugiat ducimus. Ut omnis architecto architecto et.',0,0,'2017-09-30 19:19:19'),(36,36,6,'Unde ut consequatur sit porro et molestias ut. Nulla qui sit at autem. At ut provident aut molestiae molestias.',1,1,'2014-02-16 01:50:14'),(37,37,5,'Dolorum illum aliquam perspiciatis ex. Eum animi quo harum eaque quis qui. Suscipit quam blanditiis cum est dolorem.',1,1,'2018-10-13 17:18:56'),(38,38,7,'Et sed cum aspernatur porro eum id. Aut explicabo itaque sed voluptate facilis voluptatibus officiis iusto. Sapiente nesciunt sunt eos sint praesentium quasi mollitia. Eveniet perspiciatis labore velit laboriosam velit.',1,0,'2015-02-04 03:16:09'),(39,39,1,'Excepturi molestiae qui ipsa facilis sed. Ab doloribus tempora quo. Vitae quisquam cum quo.',1,1,'2020-03-24 04:47:44'),(40,40,3,'Nulla dolorum vel mollitia qui. Sed quis nulla impedit tempore quisquam et. Qui saepe sed voluptatem blanditiis voluptatum blanditiis consequatur optio. Esse sit qui sint esse aut. Ut eum dolores alias dicta vel.',1,0,'2013-10-26 11:13:30'),(41,41,7,'Necessitatibus ipsa temporibus possimus aut iure cupiditate et. Delectus enim officia fuga corrupti sunt autem eos nihil. Saepe ut quae dolores sit delectus consequuntur soluta. Velit sed est aperiam id.',0,0,'2017-03-15 12:16:20'),(42,42,1,'Doloribus velit harum maiores. Laboriosam veritatis nesciunt iure vero qui debitis et.',1,0,'2010-06-17 19:00:04'),(43,43,2,'Voluptas at dignissimos velit beatae. Culpa voluptatem maxime quod beatae quo asperiores blanditiis. Quos quaerat animi error labore.',1,1,'2017-12-12 02:22:27'),(44,44,4,'Et quae tenetur occaecati neque harum. Dolor est autem sed velit. Rerum maiores eum accusantium voluptatem.',1,1,'2016-06-17 20:12:36'),(45,45,1,'Omnis vero quia accusamus nostrum iste. Ut aliquam deleniti ut voluptatem sed. Ipsa incidunt tempora animi possimus ullam.',1,0,'2019-08-04 12:29:40'),(46,46,3,'Eos quo quo expedita ipsum veniam. Eaque enim dolor alias deleniti ipsa. Accusantium magni debitis quod. Illo dolore consectetur mollitia tempora necessitatibus.',1,0,'2016-03-16 08:11:18'),(47,47,4,'Qui nesciunt placeat sunt sed. Quam suscipit beatae eius labore consequatur.',0,0,'2017-03-04 20:46:37'),(48,48,5,'Enim tempore odit sapiente non sint eum qui. Voluptatem quia odit ab et repellat. Eius quis sint officiis sit fugit qui. Sint porro quas qui ullam sit repellat. Beatae aspernatur ab esse doloribus.',1,0,'2016-10-06 13:21:25'),(49,49,4,'Dignissimos incidunt animi sed sunt debitis corrupti labore rerum. Pariatur tenetur quam blanditiis ipsa voluptatem sed tempora. Voluptatem rem quidem nisi dolore earum quo rerum.',1,0,'2014-04-02 23:59:42'),(50,50,5,'Et deleniti dolor itaque ipsum nobis unde error. Sed vero et occaecati reiciendis voluptatem voluptate quis. Rem minus assumenda ut asperiores.',0,1,'2012-08-13 02:33:29'),(51,51,5,'Dolore quas optio aut ut. Soluta deserunt hic quidem quae vero voluptatem rerum est. Non quia est dignissimos quis. Aut aut dolorem id.',0,1,'2019-09-15 02:27:12'),(52,52,5,'Necessitatibus consequatur repudiandae at. Accusamus tempora sit aut qui ea velit et aut.',1,0,'2011-04-05 11:23:24'),(53,53,6,'Voluptatem optio repellendus nobis aut molestias cum. Eos excepturi autem ut ad aut ut. Quaerat labore corrupti fugiat sed hic magnam. Nesciunt id dolor consectetur aut dicta.',0,1,'2015-07-01 01:23:56'),(54,54,1,'Necessitatibus quia quo repudiandae est. Recusandae mollitia velit deleniti nam doloremque modi. Ullam dolorem ut sunt.',0,0,'2019-02-13 08:33:21'),(55,55,4,'Quis iure mollitia eum quia. Minima aut numquam error distinctio modi. Ut reprehenderit quaerat occaecati libero odio.',1,1,'2012-02-12 14:59:33'),(56,56,9,'Provident ut dolorem consequatur et. Explicabo qui ex quis inventore quam cupiditate. Aut iusto et vitae ipsum commodi rerum odit. Est nihil et sed ab omnis consequuntur.',1,1,'2017-01-25 05:41:29'),(57,57,4,'Qui assumenda id veritatis minus. Ut dicta sunt recusandae tempore at accusantium voluptate molestiae.',0,0,'2015-08-11 16:36:44'),(58,58,2,'Quo velit et fugit soluta debitis facere. Impedit qui impedit ab odio tempora sunt delectus. Minima ad unde blanditiis ad ut asperiores ut. Et iusto quasi praesentium.',1,1,'2015-12-30 02:50:25'),(59,59,5,'Quod nisi veritatis sed minima qui ad. Dicta illum illum consequatur. Voluptas est aut aspernatur optio exercitationem expedita. Commodi est sunt ipsam quasi.',0,1,'2020-05-01 07:34:01'),(60,60,3,'Commodi debitis id officia aliquid autem ratione quo. Veniam ut facilis eaque quo explicabo. Neque animi iste voluptates aliquam. Fuga ut ad voluptates laudantium delectus dolor ad eius.',1,0,'2012-01-23 07:57:15'),(61,61,4,'Odio est dolorem rerum accusantium voluptas minus quibusdam. Distinctio est quod nihil excepturi fugiat totam.',0,0,'2017-12-08 23:39:24'),(62,62,6,'Quisquam nesciunt optio autem et dolore. Possimus optio laudantium ad dolores autem numquam numquam.',0,0,'2015-09-09 12:19:37'),(63,63,9,'Sit voluptates eos qui consequatur. Sunt corrupti est natus. Necessitatibus dolores ad commodi non nihil alias. Voluptas accusamus repudiandae voluptatem alias et quo.',1,0,'2017-12-22 10:44:09'),(64,64,6,'In dicta est neque eligendi veritatis modi qui. Quia dolores itaque harum aut aliquid.',1,1,'2011-01-23 11:01:13'),(65,65,8,'Aut in dolores doloremque voluptas est. Alias libero eos et omnis voluptate quibusdam.',0,1,'2018-12-24 11:30:56'),(66,66,3,'Qui asperiores ut odit ex. Cum sint ut eum porro deserunt quaerat. Enim ipsa sunt quis corporis nihil dolores numquam beatae. Adipisci itaque et dolorem. Ipsa est quam repudiandae perferendis.',0,0,'2019-12-28 08:36:48'),(67,67,9,'Nisi ab asperiores beatae deleniti ipsa asperiores dolorem. Incidunt qui sapiente est voluptas quia illum illum consequuntur. Totam architecto occaecati error. Qui fugiat blanditiis vel.',0,1,'2013-10-30 09:42:56'),(68,68,8,'Expedita fugit et officia quis voluptatibus quo cupiditate. Ut at repellat deleniti eum deserunt doloremque.',1,0,'2019-07-12 10:35:29'),(69,69,3,'Eos cum ea incidunt harum. Odio molestiae in harum quam excepturi voluptatum non.',1,0,'2011-07-01 17:14:30'),(70,70,3,'Et qui labore magnam omnis voluptatem. Necessitatibus ut voluptatibus non cum et. Hic consequatur ea dolores ad voluptas. At in vero voluptatem ad.',1,0,'2016-09-13 02:37:14'),(71,71,9,'Quas rerum corrupti et cum repellendus consectetur. Aut porro ipsam omnis quam quia ut. Sit amet quis omnis harum nobis adipisci nihil.',0,0,'2010-09-09 05:33:53'),(72,72,8,'Cum asperiores at error explicabo. Nam architecto est dolor earum eaque quidem quidem. Quo in aut sed temporibus ut occaecati distinctio. Explicabo iure atque nihil facere distinctio in voluptas.',0,1,'2014-07-27 19:24:12'),(73,73,2,'Non sit aperiam velit vel ad aut consequatur. Tempora exercitationem et in eum. Recusandae sed qui iusto ipsam. Similique neque provident odio et.',1,0,'2015-10-16 02:59:46'),(74,74,1,'Dolorem est unde porro quod culpa. Vero cumque eaque praesentium nam.',1,0,'2017-02-07 23:44:39'),(75,75,9,'Quibusdam fugit amet sint. Quaerat debitis temporibus consequuntur assumenda maxime facere nulla. Sapiente atque dolor similique voluptatem.',1,0,'2018-12-04 06:27:37'),(76,76,4,'Dignissimos facere dolores est corporis cum eum. Reprehenderit libero laboriosam perferendis quam dignissimos quod accusamus. Voluptatem minus dolorem facere ea et similique.',1,0,'2015-09-23 22:10:32'),(77,77,2,'Rerum laboriosam natus quasi enim. Similique quasi et fugit quod voluptatem nihil. Libero non aliquam ut qui amet rem dolores. Ipsum tempora et vitae perferendis.',1,0,'2010-09-30 05:46:22'),(78,78,5,'Iure laborum nam iusto sunt officia esse nisi. Quibusdam vitae aut ratione alias. Aut rerum voluptates eaque. In exercitationem vero dolorem fuga impedit.',0,1,'2019-06-19 05:24:40'),(79,79,3,'Eligendi qui molestiae quia magnam. Et iusto perferendis ea ad fugit consequatur. Dolor et nostrum pariatur non molestias.',1,0,'2013-06-28 03:30:21'),(80,80,9,'Occaecati tenetur ipsam ad aut possimus non. Id et sed doloremque atque nisi vitae sapiente. Modi fuga laboriosam magni alias. Ex magni eos temporibus ea in aut soluta.',0,0,'2012-09-13 19:02:51'),(81,81,9,'Eaque dolorem iure esse. Rerum neque dolore quod ratione mollitia. Quis eos odio quisquam non.',1,1,'2012-05-07 00:56:42'),(82,82,7,'Perspiciatis sed quisquam ratione maiores architecto placeat quaerat. Repellat accusamus quisquam voluptatibus est totam deserunt. Provident modi est quae.',0,0,'2011-09-23 07:26:03'),(83,83,3,'Natus ipsam similique sed voluptate dolore est velit. Natus aspernatur unde sequi ut qui reiciendis quidem. Dolore qui iure sapiente modi tempora porro.',0,1,'2016-05-25 03:03:45'),(84,84,2,'Explicabo officiis necessitatibus ut quia perspiciatis laborum. Quam aut facilis corrupti quasi architecto ad officia sint. Maiores quae inventore dolor maxime et expedita.',0,0,'2019-08-04 09:54:25'),(85,85,8,'Quasi molestiae optio amet ut eius numquam molestiae. Blanditiis doloremque quibusdam eveniet recusandae accusamus. Reprehenderit praesentium sapiente quis vel repudiandae est laudantium perferendis.',1,1,'2015-06-21 14:38:26'),(86,86,4,'Harum maiores qui doloremque quia. Esse et aut cumque ex alias non. In ex nihil facere voluptatem neque soluta et. Sit eius consequatur voluptatem dolorem.',1,1,'2019-02-23 03:12:21'),(87,87,3,'Et veniam placeat nostrum ex. Hic et dolores et recusandae officiis dolor expedita quia. Repellendus dolore deleniti delectus aut tenetur et. Hic et animi quia molestias esse.',1,1,'2011-12-31 15:57:16'),(88,88,8,'Cumque tempore ut voluptates. Dolores fugit eum beatae inventore facilis voluptatibus. Eveniet quae ea fugiat reprehenderit tempora.',0,1,'2015-08-09 19:16:11'),(89,89,9,'In distinctio ab itaque non ea excepturi. Explicabo assumenda dolorem corrupti iure quos eligendi.',0,0,'2019-10-15 14:31:09'),(90,90,6,'Ea et error error. Mollitia ut ut omnis qui odio. Quia quae voluptates adipisci nam pariatur numquam rerum. Nihil perferendis delectus possimus sit ea. Nihil non minus distinctio dolorem vero ut.',1,0,'2014-01-17 00:38:14'),(91,91,1,'Eum laborum et ratione laborum modi laudantium. Adipisci aut et modi enim illo quia libero doloribus. Vero sed est tempore corrupti fuga aperiam dignissimos et. Qui omnis nam enim tempora aut.',1,1,'2013-01-19 04:35:35'),(92,92,2,'Unde in quaerat repudiandae esse ex sequi aliquid. Voluptates sed harum qui reiciendis. Totam deserunt a rerum et impedit sed.',0,0,'2019-07-02 18:02:23'),(93,93,5,'Optio omnis ut est quis. Voluptas nihil provident quaerat sed repellendus. Quidem ducimus nobis et tenetur minus accusamus quia quia. Aliquid alias quia natus ut soluta voluptates.',0,0,'2019-11-10 23:05:53'),(94,94,5,'Expedita consequatur eos id doloremque laborum nihil. Impedit iure eos ab eum odio. Ipsum deleniti culpa reprehenderit temporibus velit voluptas dolorum.',1,1,'2011-08-27 03:35:09'),(95,95,8,'Eos necessitatibus nesciunt eos fugiat. Distinctio similique et ut consectetur eos nemo commodi officiis. Dolorem deleniti ut mollitia voluptatem distinctio blanditiis aperiam.',0,0,'2016-08-24 19:16:15'),(96,96,6,'Cumque corporis enim illum sint maxime sit exercitationem. Eius necessitatibus officiis blanditiis. Qui natus quia cupiditate repudiandae eos commodi. Voluptas et qui itaque corporis.',0,0,'2012-02-01 05:47:39'),(97,97,7,'In exercitationem perferendis et consequatur voluptas qui molestiae. Beatae dolorum cum cupiditate quis natus et. Est sit sint et voluptate vero molestiae et. Est veritatis inventore eum sapiente possimus quo.',0,1,'2019-07-04 17:51:54'),(98,98,6,'Velit totam fugit ullam ipsam. Qui consequuntur error ullam voluptatem qui atque. Quam ut ab qui natus ut.',1,0,'2020-03-01 14:06:19'),(99,99,5,'Architecto iusto vitae magni. Qui ad voluptatem magnam magni. Consequatur delectus aut et maiores sed.',0,1,'2013-03-29 02:18:04'),(100,100,1,'Doloribus possimus similique esse. Laudantium recusandae at magni esse. Nostrum dicta distinctio necessitatibus sit eveniet eos. In earum harum omnis dicta tenetur et consequatur nemo.',1,0,'2016-11-25 05:14:28');
/*!40000 ALTER TABLE `messages` ENABLE KEYS */;
UNLOCK TABLES;

--
-- Table structure for table `profiles`
--

DROP TABLE IF EXISTS `profiles`;
/*!40101 SET @saved_cs_client     = @@character_set_client */;
/*!50503 SET character_set_client = utf8mb4 */;
CREATE TABLE `profiles` (
  `user_id` int unsigned NOT NULL,
  `gender` char(1) CHARACTER SET utf8 COLLATE utf8_unicode_ci NOT NULL,
  `birthday` date DEFAULT NULL,
  `city` varchar(130) CHARACTER SET utf8 COLLATE utf8_unicode_ci DEFAULT NULL,
  `country` varchar(130) CHARACTER SET utf8 COLLATE utf8_unicode_ci DEFAULT NULL,
  `created_at` datetime DEFAULT CURRENT_TIMESTAMP,
  `updated_at` datetime DEFAULT CURRENT_TIMESTAMP ON UPDATE CURRENT_TIMESTAMP,
  PRIMARY KEY (`user_id`)
) ENGINE=InnoDB DEFAULT CHARSET=utf8 COLLATE=utf8_unicode_ci;
/*!40101 SET character_set_client = @saved_cs_client */;

--
-- Dumping data for table `profiles`
--

LOCK TABLES `profiles` WRITE;
/*!40000 ALTER TABLE `profiles` DISABLE KEYS */;
INSERT INTO `profiles` VALUES (1,'w','1972-02-26','Labadiemouth','Mauritania','2016-10-02 06:35:41','2014-08-15 18:47:06'),(2,'w','1998-08-24','North Ayanachester','Ireland','2015-09-30 22:56:52','2012-05-14 16:56:24'),(3,'m','1993-01-19','Lake Chadrick','Suriname','2015-07-08 11:13:52','2015-04-28 11:35:01'),(4,'w','2014-12-31','Sarinaville','Mali','2020-03-02 19:24:38','2011-04-30 19:57:42'),(5,'m','1991-04-27','New Merritt','Georgia','2017-10-20 00:13:42','2013-10-27 17:51:00'),(6,'w','1980-07-30','Treutelmouth','Netherlands','2014-10-26 10:43:27','2016-04-30 22:28:16'),(7,'m','1987-09-07','Lefflerhaven','Gibraltar','2018-02-05 19:54:40','2017-10-01 18:00:50'),(8,'w','1973-12-16','Framiport','Comoros','2019-04-28 17:39:58','2016-06-27 17:19:48'),(9,'w','1974-08-26','New Gregoryville','Egypt','2015-10-08 19:10:36','2019-03-02 15:31:48'),(10,'w','1995-06-18','Nitzscheview','Sudan','2016-10-26 13:53:35','2020-01-08 10:11:03'),(11,'w','1980-04-10','Lake Sagemouth','Saint Vincent and the Grenadines','2015-06-23 13:29:32','2018-11-11 13:31:59'),(12,'w','2004-12-29','New Giuseppe','Azerbaijan','2016-05-02 20:15:51','2016-07-14 13:59:55'),(13,'w','1995-12-25','Lake Macie','Kenya','2018-08-21 17:28:02','2018-03-11 11:57:48'),(14,'w','1978-12-31','West Rebecastad','Portugal','2012-08-19 14:36:30','2012-11-29 08:49:11'),(15,'w','1979-08-19','Madgeport','French Polynesia','2017-11-04 00:36:08','2011-06-20 09:56:31'),(16,'m','2019-12-12','Elainamouth','Taiwan','2014-07-30 22:51:12','2014-06-07 20:52:53'),(17,'w','1998-12-30','Haagton','Vietnam','2013-01-03 05:36:19','2016-06-05 01:15:13'),(18,'m','1989-12-17','North Una','Cyprus','2013-12-08 19:13:42','2016-02-02 21:23:08'),(19,'m','1985-09-03','Funkfort','Turks and Caicos Islands','2013-02-14 21:18:03','2017-11-22 02:34:30'),(20,'m','1983-10-23','South Alfort','Netherlands Antilles','2012-08-08 18:35:35','2017-04-21 19:31:07'),(21,'w','1993-03-25','Maudestad','Zimbabwe','2014-06-17 13:30:30','2016-05-23 23:02:50'),(22,'w','1979-03-11','Port Major','Palestinian Territory','2018-02-03 03:22:34','2010-07-25 08:36:33'),(23,'m','1977-02-03','Brianport','Iraq','2015-07-05 08:01:38','2014-01-09 16:49:27'),(24,'m','1972-01-29','Port Isai','Belarus','2019-03-07 21:08:49','2019-01-05 21:33:13'),(25,'w','1992-10-06','Port Brooke','Australia','2011-06-10 15:49:50','2015-05-29 18:29:16'),(26,'m','1993-04-07','West Adele','Malaysia','2014-12-19 12:11:44','2017-03-19 17:31:46'),(27,'m','1994-02-10','New Madisynhaven','South Africa','2020-03-17 18:25:46','2017-09-04 20:47:18'),(28,'m','2000-09-05','New Sterling','Western Sahara','2016-06-30 13:09:52','2018-03-13 03:00:00'),(29,'m','2012-08-30','Port Pinkfort','Jordan','2013-04-16 00:31:50','2016-05-13 17:36:51'),(30,'m','2017-04-08','Desmondborough','Armenia','2014-03-24 13:44:41','2013-09-29 05:19:31'),(31,'m','1985-02-26','New Tyriquebury','Barbados','2014-03-11 12:27:15','2015-09-24 02:55:46'),(32,'w','2012-04-13','Arlotown','Portugal','2019-09-27 21:28:09','2019-04-18 03:26:45'),(33,'m','1993-09-23','Schinnerville','Tanzania','2012-10-10 13:08:01','2017-05-12 15:58:02'),(34,'m','2004-02-24','West Wellingtonfort','Moldova','2015-07-15 04:55:34','2014-10-23 23:05:38'),(35,'w','2000-05-02','Pearlside','Tonga','2019-10-15 09:47:44','2015-01-25 00:46:50'),(36,'w','1993-06-26','West Earline','Swaziland','2015-08-03 03:14:01','2012-11-15 06:09:55'),(37,'w','1998-09-14','Emilberg','Antarctica (the territory South of 60 deg S)','2010-06-07 10:10:26','2012-12-24 23:41:51'),(38,'m','1982-07-29','Port Nicholausberg','Faroe Islands','2015-10-22 00:29:36','2012-05-17 07:50:17'),(39,'m','2003-05-21','Heathermouth','Sudan','2014-11-27 08:39:28','2011-08-20 09:25:37'),(40,'m','1996-03-19','Davonteville','El Salvador','2015-05-03 07:04:48','2020-04-18 21:37:14'),(41,'w','1987-05-22','North Eddieside','Vanuatu','2012-05-21 00:56:33','2018-08-15 03:55:25'),(42,'w','2010-12-20','Port Clement','Tunisia','2014-02-13 21:14:46','2010-07-17 15:08:19'),(43,'w','2002-12-06','Colliermouth','Svalbard & Jan Mayen Islands','2014-11-07 20:40:59','2018-12-24 11:14:55'),(44,'w','1986-05-02','Port Cleve','Japan','2015-03-30 02:32:40','2011-04-13 05:50:06'),(45,'m','2001-10-14','Henriport','South Africa','2015-04-29 19:52:26','2019-09-08 09:26:57'),(46,'w','1987-06-21','Douglasside','Malaysia','2016-11-20 14:19:29','2013-04-28 11:22:13'),(47,'w','2007-04-17','Rutherfordtown','United States of America','2019-08-06 21:02:02','2013-07-11 01:39:38'),(48,'m','1983-04-14','Champlinville','Dominican Republic','2012-03-20 00:05:20','2011-05-22 01:49:20'),(49,'m','1970-08-27','Port Salvadorton','Kenya','2011-06-04 21:58:38','2010-12-18 23:08:21'),(50,'m','2009-09-01','East Destin','Iraq','2020-04-19 09:45:12','2017-04-30 10:55:03'),(51,'w','1975-01-07','North Lenoreberg','Lesotho','2017-04-24 20:23:22','2013-04-21 09:42:01'),(52,'w','1990-01-20','Rowechester','Costa Rica','2016-12-06 06:06:04','2011-11-04 05:42:55'),(53,'m','1987-09-11','Beattyport','Cote d\'Ivoire','2019-11-23 04:50:15','2019-06-26 15:11:16'),(54,'w','2006-11-23','South Edward','Albania','2017-05-02 13:50:00','2016-12-30 13:22:19'),(55,'w','2001-06-22','Michelechester','Estonia','2010-07-18 00:56:31','2014-07-14 14:44:47'),(56,'m','2007-04-21','Williamsonton','Kyrgyz Republic','2018-10-12 06:42:42','2018-11-03 02:39:02'),(57,'m','1977-03-28','Port Sylvanport','Saint Lucia','2014-03-19 19:46:27','2013-04-06 08:47:04'),(58,'w','2007-09-02','Medhurstchester','Latvia','2019-12-25 16:30:37','2020-04-01 07:23:29'),(59,'w','2008-04-13','Reichelchester','Eritrea','2014-07-28 12:27:04','2014-11-20 15:59:20'),(60,'w','2013-07-22','West Edisonmouth','Latvia','2018-02-09 08:17:17','2016-01-22 01:19:56'),(61,'m','1984-02-01','West Theodoraton','Micronesia','2017-10-25 14:37:37','2016-01-12 06:41:46'),(62,'m','2016-08-17','Kilbackfort','Christmas Island','2013-05-26 10:15:19','2013-02-23 10:07:38'),(63,'w','1987-06-10','South Coby','Nepal','2014-08-03 15:19:19','2010-07-02 04:26:21'),(64,'w','2011-10-31','Spencerchester','Anguilla','2020-01-13 05:33:28','2018-10-24 19:23:02'),(65,'m','2012-11-28','New Alfordborough','South Georgia and the South Sandwich Islands','2020-02-21 21:07:52','2018-10-13 19:04:14'),(66,'w','1972-11-07','Cronahaven','France','2015-12-25 12:21:53','2016-02-24 10:07:58'),(67,'w','1991-06-02','Wayneport','Pitcairn Islands','2014-08-14 04:18:48','2016-10-10 00:10:24'),(68,'m','1994-05-02','North Devinview','Central African Republic','2010-11-13 01:32:59','2011-08-05 10:28:52'),(69,'w','2017-12-03','Jermainefurt','Timor-Leste','2019-09-04 22:11:08','2016-07-20 03:34:54'),(70,'m','2019-09-20','North Elishamouth','Bolivia','2012-10-23 02:25:16','2019-11-11 21:53:56'),(71,'w','2016-11-29','Port Samara','Saint Lucia','2017-12-15 03:12:14','2020-01-10 10:32:09'),(72,'m','1974-10-29','East Kaylie','Saint Vincent and the Grenadines','2010-10-29 22:21:57','2018-05-04 08:07:37'),(73,'w','1991-11-02','Gottliebview','Estonia','2012-07-18 04:17:49','2013-05-18 21:03:53'),(74,'m','1996-02-28','Port Nicola','Montenegro','2013-06-10 10:36:34','2016-03-06 02:47:28'),(75,'m','2004-11-19','Lethaberg','Saint Helena','2012-07-31 23:44:33','2018-01-25 12:22:32'),(76,'m','2008-11-10','West Juliestad','British Indian Ocean Territory (Chagos Archipelago)','2010-11-21 16:42:48','2015-07-24 20:36:31'),(77,'m','1993-04-27','Friedrichbury','Paraguay','2015-08-21 07:12:01','2014-01-12 13:27:06'),(78,'m','1977-12-21','Volkmanville','Ecuador','2016-01-07 15:20:32','2012-04-02 14:16:22'),(79,'w','2007-05-28','New Fiona','United Kingdom','2019-05-20 10:55:50','2010-06-17 15:24:24'),(80,'m','1973-07-03','South Isaiside','Fiji','2018-08-26 14:43:52','2019-12-08 03:40:55'),(81,'w','1991-08-31','West Cruz','Jamaica','2017-06-17 10:01:15','2014-06-22 05:25:19'),(82,'m','2002-02-18','Lake Jaida','Cuba','2018-05-02 08:57:44','2019-01-30 16:00:12'),(83,'m','1973-03-23','Estrellafurt','Saint Pierre and Miquelon','2012-10-27 06:58:15','2018-02-03 17:40:21'),(84,'m','1985-01-19','West Marianne','Isle of Man','2010-05-22 10:10:01','2016-03-24 07:51:50'),(85,'w','1993-03-14','North Anjali','Myanmar','2016-09-05 18:54:34','2014-06-17 20:19:10'),(86,'w','2000-02-17','Simoneborough','Greenland','2017-10-10 19:22:12','2011-06-09 21:20:24'),(87,'w','1977-07-17','Keyonbury','Vietnam','2017-09-30 00:15:47','2011-09-12 10:05:26'),(88,'w','2012-01-22','Moenshire','Antigua and Barbuda','2013-02-03 08:23:05','2011-11-14 10:17:29'),(89,'m','2009-07-21','Koreyfort','Lao People\'s Democratic Republic','2017-03-07 07:54:06','2012-02-12 10:54:23'),(90,'w','2009-05-30','Dickenston','Guinea-Bissau','2017-07-11 21:35:11','2011-02-09 20:47:44'),(91,'w','2013-04-13','West Maybelleland','Trinidad and Tobago','2018-02-24 19:04:53','2019-01-07 14:14:09'),(92,'w','1994-05-07','Carmelabury','Lebanon','2011-08-15 18:18:11','2019-05-14 06:03:47'),(93,'m','1970-07-10','Lake Rickiefurt','American Samoa','2015-04-28 01:43:22','2010-06-02 02:29:19'),(94,'w','1983-10-14','East Yessenialand','Ethiopia','2011-03-18 20:09:49','2016-10-07 10:01:25'),(95,'m','2010-06-28','Beattystad','Sao Tome and Principe','2019-12-03 09:03:12','2014-09-19 17:11:06'),(96,'w','1996-05-31','Brennafurt','Italy','2017-05-07 00:17:56','2014-10-24 01:51:27'),(97,'w','2014-01-27','North Marjoriehaven','Algeria','2012-05-04 01:24:07','2017-08-17 06:19:48'),(98,'m','1983-06-26','South Gretchen','Seychelles','2020-01-12 14:58:34','2014-09-14 19:25:42'),(99,'w','2008-08-27','Lake Sarahfort','Wallis and Futuna','2014-08-01 03:15:39','2012-12-31 02:32:40'),(100,'m','1979-09-23','Camdenville','Burundi','2016-04-27 07:08:49','2010-08-23 22:36:15');
/*!40000 ALTER TABLE `profiles` ENABLE KEYS */;
UNLOCK TABLES;

--
-- Table structure for table `users`
--

DROP TABLE IF EXISTS `users`;
/*!40101 SET @saved_cs_client     = @@character_set_client */;
/*!50503 SET character_set_client = utf8mb4 */;
CREATE TABLE `users` (
  `id` int unsigned NOT NULL AUTO_INCREMENT,
  `first_name` varchar(100) CHARACTER SET utf8 COLLATE utf8_unicode_ci NOT NULL,
  `last_name` varchar(100) CHARACTER SET utf8 COLLATE utf8_unicode_ci NOT NULL,
  `email` varchar(100) CHARACTER SET utf8 COLLATE utf8_unicode_ci NOT NULL,
  `phone` varchar(100) CHARACTER SET utf8 COLLATE utf8_unicode_ci NOT NULL,
  `created_at` datetime DEFAULT CURRENT_TIMESTAMP,
  `updated_at` datetime DEFAULT CURRENT_TIMESTAMP ON UPDATE CURRENT_TIMESTAMP,
  PRIMARY KEY (`id`),
  UNIQUE KEY `email` (`email`),
  UNIQUE KEY `phone` (`phone`)
) ENGINE=InnoDB AUTO_INCREMENT=101 DEFAULT CHARSET=utf8 COLLATE=utf8_unicode_ci;
/*!40101 SET character_set_client = @saved_cs_client */;

--
-- Dumping data for table `users`
--

LOCK TABLES `users` WRITE;
/*!40000 ALTER TABLE `users` DISABLE KEYS */;
INSERT INTO `users` VALUES (1,'Rosina','Ruecker','gorczany.andres@example.com','385-780-7041x656','2013-08-16 01:09:33','2016-01-08 16:49:24'),(2,'Enrico','Streich','sbahringer@example.net','+19(5)8375234503','2018-05-17 03:21:30','2019-06-29 19:02:55'),(3,'Mara','Daugherty','jaqueline90@example.com','(034)774-9963x13824','2016-01-14 07:08:00','2018-04-11 03:47:59'),(4,'Larissa','Parker','yhowell@example.org','1-061-196-7494x860','2010-12-02 12:25:16','2015-12-03 02:03:11'),(5,'Mia','Bayer','cecile90@example.com','1-437-207-8637x717','2013-07-02 06:25:32','2015-02-26 17:06:27'),(6,'Torrey','Spencer','runolfsson.simeon@example.net','1-608-169-9124x43415','2013-01-04 11:10:55','2011-01-15 13:56:39'),(7,'Edgardo','Schowalter','milton60@example.com','389-946-4197','2020-01-26 03:28:17','2015-01-06 22:21:45'),(8,'Raleigh','Blick','uthiel@example.org','+32(1)4585259518','2016-02-03 18:53:09','2019-03-19 18:52:01'),(9,'Herminio','Anderson','rosemarie78@example.org','030-665-4681x03114','2016-03-23 00:40:15','2012-10-24 02:09:29'),(10,'Shaniya','Wehner','fwintheiser@example.com','1-367-854-5148x8258','2011-08-24 05:03:27','2015-01-19 00:16:22'),(11,'Hilbert','Schmeler','marcos76@example.com','1-988-763-0400x8543','2019-11-24 12:19:05','2013-02-15 20:32:51'),(12,'Kaleigh','Strosin','rvolkman@example.com','+58(9)6702139213','2013-07-08 00:09:14','2012-11-03 14:08:47'),(13,'Alvah','Ebert','yost.mayra@example.net','+53(4)5953218515','2010-05-31 10:58:21','2010-05-07 19:57:36'),(14,'Joanie','Barrows','zmayer@example.net','542-434-6317x0431','2014-12-22 11:06:40','2018-01-17 15:25:08'),(15,'Sean','Dickens','ismael20@example.org','762.989.9460x893','2016-11-28 23:50:02','2016-07-17 15:16:41'),(16,'Savanna','Roberts','irving.haley@example.net','(301)090-8270x4108','2020-03-28 06:13:17','2011-08-18 11:57:40'),(17,'Merritt','Bosco','dooley.finn@example.net','04318578958','2013-11-21 03:08:56','2016-04-26 12:23:27'),(18,'Israel','Schuppe','gaylord.elise@example.net','1-574-214-3952x08776','2018-04-24 14:38:08','2015-02-12 05:25:35'),(19,'Luna','Schaden','yolanda08@example.org','(908)744-8680','2017-09-05 03:18:45','2019-06-12 22:57:10'),(20,'Isom','Metz','ricky25@example.org','+54(7)5690927855','2012-05-31 18:55:28','2015-10-10 17:58:54'),(21,'Litzy','Jacobi','lura.dicki@example.com','211.045.3978x584','2011-09-03 11:16:51','2018-02-16 10:36:45'),(22,'Hollis','Jones','vivianne.langworth@example.net','(443)326-5440x7045','2013-07-24 16:47:58','2013-03-05 15:52:23'),(23,'Maryam','Lockman','donnelly.alexander@example.net','658-386-9921x04192','2014-02-10 03:27:47','2019-04-13 00:29:22'),(24,'Gianni','Bahringer','ntremblay@example.org','+94(8)1058423218','2010-05-25 03:36:27','2016-07-03 23:36:59'),(25,'Guiseppe','Brekke','considine.edd@example.org','975-564-6737','2019-08-10 11:35:47','2010-08-16 23:46:01'),(26,'Beatrice','Tillman','olga.klein@example.net','07744105977','2015-03-14 14:20:47','2014-02-26 18:54:42'),(27,'Shaina','Wisoky','jevon.brakus@example.org','513-378-4440x3913','2019-02-01 02:56:59','2015-05-29 07:43:28'),(28,'Macy','Kautzer','effertz.david@example.net','310.913.2047x135','2015-08-25 01:43:43','2016-09-20 21:13:03'),(29,'Syble','Haley','anderson.mariana@example.com','(528)303-1159x2502','2015-11-18 05:08:22','2016-04-03 16:16:27'),(30,'Ella','Nitzsche','qsteuber@example.com','(853)808-7446x55455','2012-04-28 22:56:15','2016-02-16 10:57:56'),(31,'Jerrod','Lind','turner.alycia@example.org','1-169-921-5900','2011-10-09 12:36:56','2018-12-17 17:07:06'),(32,'Dayne','Hirthe','jamal49@example.net','868.440.3412x424','2016-06-28 01:52:13','2016-05-03 14:19:59'),(33,'Damaris','Altenwerth','ricky.block@example.net','05424440211','2016-08-09 19:32:09','2017-02-19 15:37:05'),(34,'Sid','Gaylord','sydnie93@example.org','(229)369-9181','2016-06-21 11:26:09','2012-10-20 21:31:45'),(35,'Teresa','Kessler','vincent.schultz@example.com','398-030-5058','2018-11-21 11:00:49','2012-01-10 14:04:44'),(36,'Kristopher','Johnston','kilback.westley@example.com','(688)200-2563x69703','2013-08-20 18:12:06','2010-05-10 02:24:34'),(37,'Thurman','Rolfson','dhilll@example.net','1-989-855-0270x9928','2017-04-24 10:24:57','2011-09-28 15:14:28'),(38,'Jeremie','Jerde','kwisozk@example.com','1-428-816-1681','2019-06-01 05:30:10','2010-06-01 15:37:08'),(39,'Ethel','Haag','rolson@example.org','(894)170-8972x583','2012-12-02 10:18:38','2019-12-08 17:42:12'),(40,'Billy','Frami','tschuster@example.net','024.632.8147x934','2017-08-04 17:24:56','2014-09-07 03:29:40'),(41,'Gerda','Ernser','jenkins.bessie@example.org','(552)747-3809x254','2012-12-09 23:28:34','2012-07-21 13:24:49'),(42,'Morgan','Reichel','ggleason@example.org','(362)236-6577','2016-08-04 11:23:21','2014-07-28 08:27:36'),(43,'Cleora','Reilly','saul49@example.net','(492)016-2433x7873','2014-07-09 03:22:22','2016-04-21 13:52:27'),(44,'Destany','Schoen','kuhlman.joan@example.com','630-191-0941x561','2019-07-29 21:40:42','2017-10-01 03:18:29'),(45,'Michele','Frami','mosciski.jabari@example.net','03346311627','2019-03-04 13:55:16','2011-11-17 17:28:13'),(46,'Marianna','Kuhn','dante74@example.org','853.196.4441','2011-10-20 20:21:39','2013-01-31 16:53:32'),(47,'Raoul','Koepp','guiseppe91@example.org','07740497014','2013-10-30 08:53:17','2016-02-14 09:31:08'),(48,'Victoria','Bode','nolan.jermaine@example.net','655.380.1404x03608','2011-02-03 18:52:27','2016-10-29 06:47:29'),(49,'Margarette','Hudson','marcelina.schmeler@example.org','(270)169-3320x842','2010-12-23 12:34:41','2019-02-14 13:31:22'),(50,'Valentina','Jones','metz.sanford@example.net','723-957-2608','2015-08-28 03:18:17','2016-07-04 07:14:24'),(51,'Sigmund','Wiza','malika76@example.org','(044)771-0909x8932','2012-06-04 22:17:22','2017-02-01 20:07:54'),(52,'Ansel','Yundt','prosacco.lorenz@example.net','086.885.5351','2015-10-29 21:01:42','2017-05-14 07:01:58'),(53,'Fletcher','Weissnat','marilou.renner@example.net','938-954-9513','2010-10-07 20:00:02','2018-04-16 19:57:44'),(54,'Margaretta','Dickinson','zoey50@example.net','(886)073-9320x86201','2013-04-27 04:01:11','2012-08-28 13:36:04'),(55,'Yasmeen','Mertz','gutmann.wilhelmine@example.org','(048)530-2351','2019-12-29 10:04:38','2015-03-01 17:58:18'),(56,'Norbert','Funk','sadie38@example.com','(416)768-0426','2014-09-23 04:11:23','2018-02-13 22:39:28'),(57,'Adrienne','Skiles','leffler.elody@example.com','011.729.1056','2010-08-01 13:46:43','2011-08-29 20:03:13'),(58,'Mateo','Bartoletti','rlowe@example.org','+34(5)1068909085','2010-12-17 22:20:39','2013-04-03 14:27:32'),(59,'Amya','Roberts','bryce.toy@example.org','898-516-9565x27563','2017-12-31 16:38:05','2019-04-06 23:24:47'),(60,'Carley','Schowalter','rhett.bosco@example.net','053.842.4966','2018-07-17 11:45:51','2020-04-14 07:54:53'),(61,'Melody','O\'Conner','debert@example.com','02110477235','2012-08-03 15:27:12','2010-05-10 22:19:54'),(62,'Madge','Luettgen','marvin.asa@example.net','491-577-4958x9544','2013-02-15 08:14:50','2019-12-02 09:53:30'),(63,'Parker','Berge','kristian44@example.org','728.173.2207x5020','2015-08-23 09:26:54','2017-05-15 11:25:48'),(64,'Ocie','Schultz','delbert79@example.org','(243)220-4840x68501','2010-07-30 13:41:05','2017-10-24 16:10:22'),(65,'Torrey','Gutmann','nbeahan@example.net','390-830-4296','2014-01-10 23:24:45','2013-04-01 22:25:55'),(66,'Lewis','Crist','breanna57@example.net','(185)499-4372x2277','2019-12-24 05:32:26','2014-07-14 08:41:45'),(67,'Katharina','Baumbach','medhurst.cleveland@example.com','729-885-1648','2014-06-14 12:46:56','2010-09-30 10:38:32'),(68,'Delfina','Hintz','sammie59@example.com','(484)702-5457','2014-01-26 06:08:48','2010-06-04 21:23:16'),(69,'Ceasar','Macejkovic','isabell06@example.net','(239)963-2905x00570','2017-10-27 03:30:28','2018-09-24 13:25:21'),(70,'Bailey','Emard','jessy.rowe@example.net','1-259-621-3960x8932','2017-09-03 17:19:40','2017-08-15 23:17:33'),(71,'Aidan','Swaniawski','fatima.walker@example.net','08809921813','2010-07-17 15:41:30','2015-03-10 10:54:35'),(72,'Benjamin','Kunze','celine.willms@example.org','461.903.4655','2019-06-15 14:45:24','2013-12-15 02:31:03'),(73,'Delta','Stracke','samir.stark@example.net','342.689.1367x7210','2010-12-21 02:25:48','2017-11-15 09:15:53'),(74,'Hilda','Larkin','ruthe.kshlerin@example.com','04523593368','2012-09-02 13:56:53','2012-01-25 05:29:27'),(75,'Cletus','Lakin','bmayert@example.org','1-633-495-0335x14929','2016-05-14 11:48:09','2014-06-11 16:06:16'),(76,'Mathias','Christiansen','west.frederic@example.net','540.369.1890','2014-07-08 18:24:01','2014-12-31 04:16:07'),(77,'Crystel','Watsica','tgleichner@example.org','244-976-6560x1370','2011-11-24 15:41:56','2017-08-18 08:01:04'),(78,'Abagail','Flatley','marcus76@example.org','+11(5)9010666867','2017-06-25 16:57:31','2014-09-25 15:37:50'),(79,'Eda','Sauer','jailyn.kovacek@example.net','1-004-218-8895x64279','2012-01-14 02:43:55','2016-11-15 23:11:14'),(80,'Beryl','Sauer','bode.jasen@example.org','(654)344-1644','2015-05-03 09:59:25','2012-10-16 12:03:48'),(81,'Camryn','DuBuque','alvina37@example.net','1-305-292-0676x524','2017-06-07 10:59:49','2016-10-03 21:32:01'),(82,'Enola','Lesch','kuhn.annabelle@example.org','08189318086','2010-10-09 13:54:48','2013-10-24 16:06:11'),(83,'Shana','Morar','romaguera.benjamin@example.net','094-069-2397x9177','2011-08-26 00:12:47','2010-10-07 16:56:35'),(84,'Linnea','Kshlerin','citlalli93@example.net','174.893.2795x392','2011-11-21 09:25:05','2015-03-24 02:44:21'),(85,'Casandra','Lebsack','hraynor@example.net','1-758-540-1196x76004','2011-01-28 13:19:17','2011-05-22 04:06:45'),(86,'Braxton','Bosco','gwendolyn22@example.com','1-181-717-0916','2015-11-17 17:29:33','2017-01-07 15:04:34'),(87,'Breana','Auer','verlie.o\'kon@example.org','929.616.7978','2012-10-01 20:59:14','2020-01-04 11:02:06'),(88,'Rhett','Pollich','dion.zulauf@example.org','659-786-8829','2012-02-28 11:05:23','2011-07-06 15:18:46'),(89,'Reuben','Stanton','hsipes@example.com','1-216-024-0665','2014-05-23 06:11:02','2014-05-08 23:00:11'),(90,'Ashlynn','Zboncak','cschoen@example.com','690.611.4526x7104','2018-12-22 16:04:10','2013-05-20 08:10:51'),(91,'Eileen','Hintz','estanton@example.com','392.613.7137x2673','2018-10-03 09:33:03','2018-09-12 19:09:25'),(92,'Timmothy','Jacobs','champlin.ike@example.net','+86(2)0125448555','2014-05-20 12:34:58','2013-10-14 09:19:59'),(93,'Alexa','Altenwerth','ryan.maxime@example.net','(821)257-1939','2015-10-29 11:15:37','2017-05-04 06:42:56'),(94,'Jonathan','Zieme','lemke.una@example.net','+84(4)8829525904','2015-01-22 11:12:31','2014-12-23 11:25:13'),(95,'Gavin','Tromp','prosacco.marilie@example.org','(400)130-5288x408','2016-04-19 01:59:16','2017-06-01 15:20:47'),(96,'Gavin','Schroeder','darryl35@example.org','1-996-987-6743x34757','2011-07-01 09:31:54','2015-08-26 13:49:59'),(97,'Efren','Williamson','wehner.telly@example.org','(264)665-4413x041','2017-03-04 04:43:37','2014-08-11 10:34:08'),(98,'Kurt','Kuhn','freddy63@example.org','1-929-575-3670','2011-09-28 20:38:35','2018-05-09 06:18:39'),(99,'Kale','Ferry','lehner.frederick@example.net','(081)948-3761','2013-05-16 04:22:12','2014-06-09 23:42:37'),(100,'Marshall','Mayert','hackett.russel@example.com','01513423426','2014-08-05 10:08:11','2018-05-12 05:58:53');
/*!40000 ALTER TABLE `users` ENABLE KEYS */;
UNLOCK TABLES;
/*!40103 SET TIME_ZONE=@OLD_TIME_ZONE */;

/*!40101 SET SQL_MODE=@OLD_SQL_MODE */;
/*!40014 SET FOREIGN_KEY_CHECKS=@OLD_FOREIGN_KEY_CHECKS */;
/*!40014 SET UNIQUE_CHECKS=@OLD_UNIQUE_CHECKS */;
/*!40101 SET CHARACTER_SET_CLIENT=@OLD_CHARACTER_SET_CLIENT */;
/*!40101 SET CHARACTER_SET_RESULTS=@OLD_CHARACTER_SET_RESULTS */;
/*!40101 SET COLLATION_CONNECTION=@OLD_COLLATION_CONNECTION */;
/*!40111 SET SQL_NOTES=@OLD_SQL_NOTES */;

-- Dump completed on 2020-05-06 14:53:32
